package,installed,candidate,origin
7zip,26.00+dfsg-2,26.03+dfsg-3,kali-rolling
accountsservice,23.13.9-8+b1,23.13.9-8+b2,kali-rolling
acl,2.3.2-2+b2,2.4.0-1,kali-rolling
adduser,3.154,3.159,kali-rolling
adwaita-icon-theme,50~alpha-1,51.0-1,kali-rolling
aircrack-ng,1:1.7+git20230807.4bf83f1a-2+b1,1:1.7+git20230807.4bf83f1a-3,kali-rolling
alsa-ucm-conf,1.2.15.3-1,1.2.16.1-1,kali-rolling
amass,5.0.1-0kali4,5.1.1-0kali3,kali-rolling
apache2-bin,2.4.66-8,2.4.68-2,kali-rolling
apache2-data,2.4.66-8,2.4.68-2,kali-rolling
apache2-utils,2.4.66-8,2.4.68-2,kali-rolling
apache2,2.4.66-8,2.4.68-2,kali-rolling
apparmor,4.1.6-3,4.1.8-2,kali-rolling
apt-file,3.3,3.4,kali-rolling
apt-utils,3.1.16+kali1,3.3.3+kali1,kali-rolling
apt,3.1.16+kali1,3.3.3+kali1,kali-rolling
arping,2.28-1,2.29-1,kali-rolling
aspell,0.60.8.2-3,0.60.8.2-3+b1,kali-rolling
at-spi2-common,2.59.1-2,2.61.90-1,kali-rolling
at-spi2-core,2.59.1-2,2.61.90-1,kali-rolling
atftpd,0.8.0-8+b1,0.8.1-2,kali-rolling
atril-common,1.28.2-1,1.28.4-1,kali-rolling
atril,1.28.2-1,1.28.4-1,kali-rolling
axel,2.17.14-3,2.17.14-4,kali-rolling
base-files,1:2026.1.1,1:2026.3.1,kali-rolling
bash,5.3-2,5.3-4,kali-rolling
bind9-dnsutils,1:9.20.20-1,1:9.20.29-1,kali-rolling
bind9-host,1:9.20.20-1,1:9.20.29-1,kali-rolling
bind9-libs,1:9.20.20-1,1:9.20.29-1,kali-rolling
binutils-aarch64-linux-gnu,2.46-2,2.47-6,kali-rolling
binutils-common,2.46-2,2.47-6,kali-rolling
binutils-mingw-w64-base,2.45.90.20260125-1+13.3,2.47-6+13.3+b1,kali-rolling
binutils-mingw-w64-i686,2.45.90.20260125-1+13.3,2.47-6+13.3+b1,kali-rolling
binutils-mingw-w64-x86-64,2.45.90.20260125-1+13.3,2.47-6+13.3+b1,kali-rolling
binutils,2.46-2,2.47-6,kali-rolling
binwalk,2.4.3+dfsg1-2,2.4.3+dfsg1-3,kali-rolling
blueman,2.4.4-1+b1,2.4.4-1+b2,kali-rolling
bluez-obexd,5.84-1,5.87-3,kali-rolling
bluez,5.84-1,5.87-3,kali-rolling
bsdextrautils,2.41.3-4,2.42.3-1,kali-rolling
bsdutils,1:2.41.3-4,1:2.42.3-1,kali-rolling
bubblewrap,0.11.0-2+b1,0.13.0-1,kali-rolling
bulk-extractor,2.1.1-0kali2+b1,2.1.1+git20260109.898db1-0kali3,kali-rolling
bundler,2.6.7-2,4.0.20-1,kali-rolling
busybox,1:1.37.0-10,1:1.38.0-3+b1,kali-rolling
bzip2,1.0.8-6+b1,1.0.8-6+b2,kali-rolling
ca-certificates-java,20240118,20260311,kali-rolling
ca-certificates,20250419,20260816,kali-rolling
certipy-ad,5.0.4-0kali3,5.1.0-0kali1,kali-rolling
cgpt,0~R106-15054.B+dfsg-0.1+b1,0~R106-15054.B+dfsg-0.3,kali-rolling
chntpw,140201-1.2,140201-1.3,kali-rolling
chromium-common,145.0.7632.159-1,150.0.7871.181-1,kali-rolling
chromium-sandbox,145.0.7632.159-1,150.0.7871.181-1,kali-rolling
chromium,145.0.7632.159-1,150.0.7871.181-1,kali-rolling
cifs-utils,2:7.4-1+b1,2:7.8-1,kali-rolling
clang-21,1:21.1.8-3+b1,1:21.1.8-10,kali-rolling
clang-tools-21,1:21.1.8-3+b1,1:21.1.8-10,kali-rolling
clang,1:21.1.6-70,1:21.1.8-74,kali-rolling
comerr-dev,2.1-1.47.2-3+b8,2.1-1.47.4-1+b2,kali-rolling
command-not-found,23.04.0-2+kali1,23.04.0-3+kali1,kali-rolling
console-setup-linux,1.246,1.249,kali-rolling
console-setup,1.246,1.249,kali-rolling
containerd,2.1.9+ds1-1,2.1.9+ds1-3,kali-rolling
coreutils,9.7-3+b1,9.10-1,kali-rolling
cpp-aarch64-linux-gnu,4:15.2.0-5,4:16.1.0-3,kali-rolling
cpp,4:15.2.0-5,4:16.1.0-3,kali-rolling
cracklib-runtime,2.9.6-5.2+b2,2.9.6-5.3+b1,kali-rolling
criu,4.2-4,4.2.1-1,kali-rolling
cron-daemon-common,3.0pl1-206,3.0pl1-209,kali-rolling
cron,3.0pl1-206,3.0pl1-209,kali-rolling
cryptsetup-bin,2:2.8.4-1,2:2.8.8-1,kali-rolling
cryptsetup-initramfs,2:2.8.4-1,2:2.8.8-1,kali-rolling
cryptsetup,2:2.8.4-1,2:2.8.8-1,kali-rolling
curl,8.21.0-2,8.22.0-1,kali-rolling
dbus-bin,1.16.2-4,1.16.2-5+b1,kali-rolling
dbus-daemon,1.16.2-4,1.16.2-5+b1,kali-rolling
dbus-session-bus-common,1.16.2-4,1.16.2-5,kali-rolling
dbus-system-bus-common,1.16.2-4,1.16.2-5,kali-rolling
dbus-user-session,1.16.2-4,1.16.2-5+b1,kali-rolling
dbus-x11,1.16.2-4,1.16.2-5+b1,kali-rolling
dbus,1.16.2-4,1.16.2-5+b1,kali-rolling
dconf-cli,0.49.0-4,51.0-2,kali-rolling
dconf-gsettings-backend,0.49.0-4,51.0-2,kali-rolling
dconf-service,0.49.0-4,51.0-2,kali-rolling
debianutils,5.23.2+b1,5.24,kali-rolling
debugedit,1:5.2-3,1:5.3-4,kali-rolling
default-jre-headless,2:1.21-76,2:1.25-77,kali-rolling
default-jre,2:1.21-76,2:1.25-77,kali-rolling
desktop-base,14.0.0~pre2+kali1,14.0.0~pre3+kali1,kali-rolling
dhcpcd-base,1:10.3.0-7,1:10.5.2-5,kali-rolling
dictionaries-common,1.31.3,1.31.4,kali-rolling
dirmngr,2.4.9-4,2.4.9-7+b1,kali-rolling
distro-info-data,0.68,2026.08.20-1,kali-rolling
dmidecode,3.6-2+b1,3.7-1,kali-rolling
dmsetup,2:1.02.205-2+b1,2:1.02.205-2+b2,kali-rolling
dnsmasq-base,2.92-3,2.93-3,kali-rolling
dnsrecon,1.3.1-3,1.6.0-1,kali-rolling
docbook-xml,4.5-13,4.5-14,kali-rolling
docker-buildx,0.29.1+ds1-3,0.29.1+ds1-4,kali-rolling
docker-cli,28.5.2+dfsg4-3,28.5.2+dfsg4-4,kali-rolling
docker.io,28.5.2+dfsg4-3,28.5.2+dfsg4-4,kali-rolling
dos2unix,7.5.4-1,7.5.7-1,kali-rolling
dpkg-dev,1.23.5+kali1,1.23.7+kali1,kali-rolling
dpkg,1.23.5+kali1,1.23.7+kali1,kali-rolling
dracut-install,110-3,112-6,kali-rolling
dvisvgm,3.6+ds-1+b1,3.6.1+ds-1,kali-rolling
e2fsprogs,1.47.2-3+b8,1.47.4-1+b2,kali-rolling
easy-rsa,3.2.5-1,3.2.6-1,kali-rolling
eject,2.41.3-4,2.42.3-1,kali-rolling
enchant-2,2.8.2+dfsg1-3+b1,2.8.16+dfsg-4,kali-rolling
espeak-ng-data,1.52.0+dfsg-5+b1,1.52.0+dfsg-5+b2,kali-rolling
ethtool,1:6.19-1,1:7.1-1,kali-rolling
ettercap-common,1:0.8.4-5,1:0.8.4.1-2,kali-rolling
ettercap-graphical,1:0.8.4-5,1:0.8.4.1-2,kali-rolling
evil-winrm,3.9-0kali2,4.1-0kali1,kali-rolling
evolution-data-server-common,3.56.2-8,3.56.2-9,kali-rolling
exfatprogs,1.3.1-1,1.4.3-1,kali-rolling
exiv2,0.28.8+dfsg-1,0.28.9+dfsg-1,kali-rolling
exo-utils,4.20.0-1+b1,4.20.0-1+b2,kali-rolling
expect,5.45.4-4+b1,5.45.4-9,kali-rolling
exploitdb,20260304-0kali1,20260904-0kali1,kali-rolling
fakeroot,1.37.2-1,2.1.4-1,kali-rolling
faraday-cli,2.1.8-0kali1,2.2.2-0kali1,kali-rolling
faraday,5.19.0-0kali1,5.22.0-0kali1,kali-rolling
fdisk,2.41.3-4,2.42.3-1,kali-rolling
fern-wifi-cracker,3.5-0kali1,3.6-0kali1,kali-rolling
ffuf,2.1.0-1+b10,2.2.1-1,kali-rolling
file,1:5.46-5+b1,1:5.47-4,kali-rolling
findutils,4.10.0-3+b1,4.11.0-2,kali-rolling
firebird4.0-common-doc,4.0.6.3221.ds6-2,4.0.7.3271.ds6-1,kali-rolling
firebird4.0-common,4.0.6.3221.ds6-2,4.0.7.3271.ds6-1,kali-rolling
firefox-esr,140.8.0esr-1,140.16.0esr-1,kali-rolling
firmware-amd-graphics,20260110-1,20260810-1,kali-rolling
firmware-ath9k-htc,1.4.0-110-ge888634+dfsg1-0.3,1.4.0-110-ge888634+dfsg1-0.4,kali-rolling
firmware-atheros,20260110-1,20260810-1,kali-rolling
firmware-carl9170,1.9.9-690-gc6e7ab0-0.1,1.9.9-690-gc6e7ab0-0.3,kali-rolling
firmware-intel-graphics,20260110-1,20260810-1,kali-rolling
firmware-intel-misc,20260110-1,20260810-1,kali-rolling
firmware-iwlwifi,20260110-1,20260810-1,kali-rolling
firmware-libertas,20260110-1,20260810-1,kali-rolling
firmware-linux-nonfree,20260110-1,20260810-1,kali-rolling
firmware-linux,20260110-1,20260810-1,kali-rolling
firmware-marvell-prestera,20260110-1,20260810-1,kali-rolling
firmware-mediatek,20260110-1,20260810-1,kali-rolling
firmware-misc-nonfree,20260110-1,20260810-1,kali-rolling
firmware-nvidia-graphics,20260110-1,20260810-1,kali-rolling
firmware-realtek,20260110-1,20260810-1,kali-rolling
flac,1.5.0+ds-5,1.5.0+ds-5+b1,kali-rolling
flashrom,1.6.0-2+b1,1.6.0-3,kali-rolling
fonts-cantarell,0.311-2,0.311-3,kali-rolling
fonts-dejavu-core,2.37-8,2.37-9,kali-rolling
fonts-dejavu-extra,2.37-8,2.37-9,kali-rolling
fonts-dejavu-mono,2.37-8,2.37-9,kali-rolling
fonts-dejavu,2.37-8,2.37-9,kali-rolling
fonts-font-awesome,5.0.10+really4.7.0~dfsg-4.1,7.3.0+dfsg-1,kali-rolling
fonts-hack,3.003-4,3.003-5,kali-rolling
fonts-lmodern,2.005-1,2.005-2,kali-rolling
fonts-lyx,2.5.0-1,2.5.3-1,kali-rolling
fonts-noto-mono,20201225-2,20201225-6,kali-rolling
fonts-texgyre-math,20180621-7,20180621-8,kali-rolling
fonts-texgyre,20180621-7,20180621-8,kali-rolling
fonts-urw-base35,20200910-8,20200910-9,kali-rolling
freerdp-x11,3.23.0+dfsg-1+b1,3.31.1+dfsg-1,kali-rolling
freerdp3-x11,3.23.0+dfsg-1,3.31.1+dfsg-1,kali-rolling
ftp,20260211-1,20260211-2,kali-rolling
fuse3,3.18.1-1,3.18.3-1,kali-rolling
g++-aarch64-linux-gnu,4:15.2.0-5,4:16.1.0-3,kali-rolling
g++,4:15.2.0-5,4:16.1.0-3,kali-rolling
galera-4,26.4.25-2,26.4.27-1,kali-rolling
gcc-aarch64-linux-gnu,4:15.2.0-5,4:16.1.0-3,kali-rolling
gcc-mingw-w64-base,15.2.0-12+28.3,16.2.0-1+29,kali-rolling
gcc-mingw-w64-i686-win32-runtime,15.2.0-12+28.3,16.2.0-1+29,kali-rolling
gcc-mingw-w64-i686-win32,15.2.0-12+28.3,16.2.0-1+29,kali-rolling
gcc-mingw-w64-x86-64-win32-runtime,15.2.0-12+28.3,16.2.0-1+29,kali-rolling
gcc-mingw-w64-x86-64-win32,15.2.0-12+28.3,16.2.0-1+29,kali-rolling
gcc,4:15.2.0-5,4:16.1.0-3,kali-rolling
gcr4,4.4.0.1-8,4.4.1-3,kali-rolling
gcr,3.41.2-6,3.41.2-6+b1,kali-rolling
gdal-data,3.12.2+dfsg-1,3.13.3+dfsg-1,kali-rolling
gdal-plugins,3.12.2+dfsg-1,3.13.3+dfsg-1+b1,kali-rolling
gdisk,1.0.10-2+b2,1.0.10-3,kali-rolling
geoclue-2.0,2.8.0-1,2.8.1-1,kali-rolling
geoip-database,20260113-1,20260901-1,kali-rolling
gettext-base,0.23.2-1,1.0-5,kali-rolling
ghostscript,10.06.0~dfsg-3,10.07.1~dfsg-1,kali-rolling
ghp-import,2.1.0-3,2.1.0-4,kali-rolling
gir1.2-atk-1.0,2.59.1-2,2.61.90-1,kali-rolling
gir1.2-atspi-2.0,2.59.1-2,2.61.90-1,kali-rolling
gir1.2-ayatanaappindicator3-0.1,0.5.94-1+b1,0.5.94-1.1,kali-rolling
gir1.2-freedesktop,1.86.0-6,1.86.0-6+b2,kali-rolling
gir1.2-gdkpixbuf-2.0,2.44.5+dfsg-4,2.44.7+dfsg-1,kali-rolling
gir1.2-girepository-3.0,2.87.2-3,2.90.0-1,kali-rolling
gir1.2-glib-2.0,2.87.2-3,2.90.0-1,kali-rolling
gir1.2-gstreamer-1.0,1.28.1-1,1.28.7-1,kali-rolling
gir1.2-gtk-3.0,3.24.51-4,3.24.52-1,kali-rolling
gir1.2-handy-1,1.8.3-3+b1,1.8.3-6,kali-rolling
gir1.2-libxfce4ui-2.0,4.20.2-1,4.20.2-2,kali-rolling
gir1.2-libxfce4util-1.0,4.20.1-1+b1,4.20.1-2,kali-rolling
gir1.2-nm-1.0,1.54.3-2,1.58.1-1,kali-rolling
gir1.2-notify-0.7,0.8.8-1,0.8.8-1+b1,kali-rolling
gir1.2-packagekitglib-1.0,1.3.4-3,1.4.0-1,kali-rolling
gir1.2-pango-1.0,1.57.0-1,1.58.0-1,kali-rolling
gir1.2-polkit-1.0,127+really126-0+kali1,127+really127-3kali1,kali-rolling
gir1.2-secret-1,0.21.7-2,0.21.7-2+b1,kali-rolling
gir1.2-vte-2.91,0.83.90-1+b1,0.84.1-1+b1,kali-rolling
gir1.2-wnck-3.0,43.3-1+b1,43.3-1+b2,kali-rolling
gir1.2-xfconf-0,4.20.0-1+b1,4.20.0-2,kali-rolling
git-man,1:2.51.0-1,1:2.53.0-1,kali-rolling
git,1:2.51.0-1+b1,1:2.53.0-1,kali-rolling
glib-networking-common,2.80.1-1,2.90.0-2,kali-rolling
glib-networking-services,2.80.1-1+b1,2.90.0-2,kali-rolling
glib-networking,2.80.1-1+b1,2.90.0-2,kali-rolling
glycin-loaders,2.0.8-1,2.2.1+ds-2,kali-rolling
glycin-thumbnailers,2.0.8-1,2.2.1+ds-2,kali-rolling
gnome-disk-utility,46.1-2+b2,46.1-3,kali-rolling
gnome-keyring-pkcs11,48.0-5,51.1-1,kali-rolling
gnome-keyring,48.0-5,51.1-1,kali-rolling
gnome-themes-extra,3.28-5,3.28-5+b1,kali-rolling
gnupg-l10n,2.4.9-4,2.4.9-7,kali-rolling
gnupg-utils,2.4.9-4,2.4.9-7+b1,kali-rolling
gnupg,2.4.9-4,2.4.9-7,kali-rolling
gnutls-bin,3.8.12-2,3.8.13-1,kali-rolling
go-l2tp,0.1.8-1+b11,0.1.8-1+b12,kali-rolling
gophish,0.12.1-0kali3+b1,0.12.1-0kali6,kali-rolling
gpg-agent,2.4.9-4,2.4.9-7+b1,kali-rolling
gpg-wks-client,2.4.9-4,2.4.9-7+b1,kali-rolling
gpg,2.4.9-4,2.4.9-7+b1,kali-rolling
gpgconf,2.4.9-4,2.4.9-7+b1,kali-rolling
gpgsm,2.4.9-4,2.4.9-7+b1,kali-rolling
gpgv,2.4.9-4,2.4.9-7+b1,kali-rolling
graphviz,14.1.2-1,14.1.2-1+b3,kali-rolling
greenbone-feed-sync,25.1.7-1,25.2.0-3,kali-rolling
groff-base,1.23.0-10+b1,1.24.1-1,kali-rolling
grub-common,2.12-9+kali1,2.14-4+kali1,kali-rolling
grub-efi-arm64-bin,2.12-9+kali1,2.14-4+kali1,kali-rolling
grub-efi-arm64-unsigned,2.12-9+kali1,2.14-4+kali1,kali-rolling
grub-efi-arm64,2.12-9+kali1,2.14-4+kali1,kali-rolling
grub2-common,2.12-9+kali1,2.14-4+kali1,kali-rolling
gsettings-desktop-schemas,50~alpha-1,51.0-2,kali-rolling
gstreamer1.0-gl,1.28.1-1,1.28.7-1,kali-rolling
gstreamer1.0-libav,1.28.1-1,1.28.7-1,kali-rolling
gstreamer1.0-plugins-bad,1.26.10-2,1.28.7-2,kali-rolling
gstreamer1.0-plugins-base,1.28.1-1,1.28.7-1,kali-rolling
gstreamer1.0-plugins-good,1.28.1-1,1.28.7-1,kali-rolling
gstreamer1.0-x,1.28.1-1,1.28.7-1,kali-rolling
gtk-update-icon-cache,4.20.3+ds-3,4.22.4+ds-1,kali-rolling
gtk2-engines-pixbuf,2.24.33-10,2.24.33-10+b1,kali-rolling
gvfs-backends,1.59.90-3,1.62.0-3,kali-rolling
gvfs-common,1.59.90-3,1.62.0-3,kali-rolling
gvfs-daemons,1.59.90-3,1.62.0-3,kali-rolling
gvfs-fuse,1.59.90-3,1.62.0-3,kali-rolling
gvfs-libs,1.59.90-3,1.62.0-3,kali-rolling
gvfs,1.59.90-3,1.62.0-3,kali-rolling
gvmd-common,26.15.0-1,26.24.0-1,kali-rolling
gvmd,26.15.0-1,26.24.0-1,kali-rolling
gzip,1.13-1+b1,1.14-1,kali-rolling
hashcat-data,7.1.2+ds1-3,7.1.2+ds1-4,kali-rolling
hashcat,7.1.2+ds1-3,7.1.2+ds1-4,kali-rolling
haveged,1.9.19-14,1.9.26-1,kali-rolling
hwloc,2.13.0-2,2.15.0-2,kali-rolling
hydra,9.6-3+b1,9.7-2,kali-rolling
hyphen-en-us,2.8.8-7,2.8.9-3,kali-rolling
i2c-tools,4.4-2+b1,4.4-3+b1,kali-rolling
ibus-gtk3,1.5.34~beta1-1,1.5.35~beta2-1,kali-rolling
ibus-gtk4,1.5.34~beta1-1,1.5.35~beta2-1,kali-rolling
ieee-data,20240722,20260625,kali-rolling
ifupdown,0.8.45,0.8.45+nmu1+b1,kali-rolling
iio-sensor-proxy,3.8-1+b1,3.9-1,kali-rolling
imagemagick-7-common,8:7.1.2.15+dfsg1-2,8:7.1.2.31+dfsg1-1,kali-rolling
imagemagick-7.q16,8:7.1.2.15+dfsg1-2,8:7.1.2.31+dfsg1-1,kali-rolling
imagemagick,8:7.1.2.15+dfsg1-2,8:7.1.2.31+dfsg1-1,kali-rolling
inetsim,1.3.2+dfsg.1-6,1.3.2+dfsg.1-8,kali-rolling
inetutils-telnet,2:2.7-3,2:2.8-3,kali-rolling
init-system-helpers,1.69+kali1,1.69+nmu1+kali1,kali-rolling
init,1.69+kali1,1.69+nmu1+kali1,kali-rolling
initramfs-tools-bin,0.150+b1,0.151,kali-rolling
initramfs-tools-core,0.150,0.151,kali-rolling
initramfs-tools,0.150,0.151,kali-rolling
iodine,0.7.0-12+b1,0.7.0-13,kali-rolling
ipp-usb,0.9.23-2+b8,0.9.31-2,kali-rolling
iproute2,6.19.0-1,7.1.0-1,kali-rolling
iptables,1.8.11-4,1.8.13-1,kali-rolling
ipython3,8.35.0-2,9.11.0-2,kali-rolling
isympy-common,1.14.0-2,1.14.0-4,kali-rolling
isympy3,1.14.0-2,1.14.0-4,kali-rolling
java-common,0.76,0.77,kali-rolling
john-data,1.9.0-Jumbo-1+git20211102-0kali10,1.9.0-Jumbo-1+git20211102-0kali11,kali-rolling
john,1.9.0-Jumbo-1+git20211102-0kali10,1.9.0-Jumbo-1+git20211102-0kali11,kali-rolling
kali-defaults-desktop,2026.1.2,2026.3.2,kali-rolling
kali-defaults,2026.1.2,2026.3.2,kali-rolling
kali-desktop-base,2026.1.2,2026.3.0,kali-rolling
kali-desktop-core,2026.1.8,2026.3.9,kali-rolling
kali-desktop-xfce,2026.1.8,2026.3.9,kali-rolling
kali-linux-core,2026.1.8,2026.3.9,kali-rolling
kali-linux-default,2026.1.8,2026.3.9,kali-rolling
kali-linux-firmware,2026.1.8,2026.3.9,kali-rolling
kali-linux-headless,2026.1.8,2026.3.9,kali-rolling
kali-menu,2026.1.5,2026.3.4,kali-rolling
kali-system-cli,2026.1.8,2026.3.9,kali-rolling
kali-system-core,2026.1.8,2026.3.9,kali-rolling
kali-system-gui,2026.1.8,2026.3.9,kali-rolling
kali-themes-common,2026.1.2,2026.3.0,kali-rolling
kali-themes,2026.1.2,2026.3.0,kali-rolling
kali-tools-top10,2026.1.8,2026.3.9,kali-rolling
kali-tweaks,2025.4.0,2026.2.0,kali-rolling
kali-wallpapers-2026,2026.1.0,2026.3.0,kali-rolling
keyboard-configuration,1.246,1.249,kali-rolling
keyutils,1.6.3-6+b1,1.6.3-6+b2,kali-rolling
klibc-utils,2.0.14-1+b1,2.0.14-1+b2,kali-rolling
krb5-locales,1.22.1-2,1.22.1-3,kali-rolling
krb5-multidev,1.22.1-2,1.22.1-3,kali-rolling
laptop-detect,0.16+nmu1,0.17,kali-rolling
layer-shell-qt,6.5.4-1,6.7.4-1,kali-rolling
ldap-utils,2.6.10+dfsg-1+b1,2.6.14+dfsg-2,kali-rolling
legion,0.5.2-0kali1,0.7.0-0kali2,kali-rolling
libaccountsservice0,23.13.9-8+b1,23.13.9-8+b2,kali-rolling
libacl1,2.3.2-2+b2,2.4.0-1,kali-rolling
libadwaita-1-0,1.8.4-1kali1,1.9.2-1kali1,kali-rolling
libaec0,1.1.6-1,1.1.7-1,kali-rolling
libafflib0t64,3.7.22-1+b1,3.7.22-3,kali-rolling
libaio1t64,0.3.113-8+kali1,0.3.113-9+kali2,kali-rolling
libalgorithm-diff-xs-perl,0.04-9+b1,0.04-9+b2,kali-rolling
libao-common,1.2.2+20180113-1.3,1.2.2+20180113-1.5,kali-rolling
libao4,1.2.2+20180113-1.3,1.2.2+20180113-1.5,kali-rolling
libaom3,3.13.1-2,3.14.1-1,kali-rolling
libapache2-mod-php8.4,8.4.16-1+b2,8.4.24-1,kali-rolling
libapparmor1,4.1.6-3,4.1.8-2,kali-rolling
libappstream5,1.1.2-1,1.2.0-2,kali-rolling
libapr1t64,1.7.6-3,1.7.6-3+b1,kali-rolling
libaprutil1-dbd-sqlite3,1.6.3-4,1.6.4-2,kali-rolling
libaprutil1-ldap,1.6.3-4,1.6.4-2,kali-rolling
libaprutil1t64,1.6.3-4,1.6.4-2,kali-rolling
libapt-pkg-perl,0.1.43,0.1.43+b1,kali-rolling
libapt-pkg7.0,3.1.16+kali1,3.3.3+kali1,kali-rolling
libarchive13t64,3.8.5-1,3.8.9-1,kali-rolling
libargon2-1,0~20190702+dfsg-5+b1,0~20190702+dfsg-6,kali-rolling
libarpack2t64,3.9.1-6+b1,3.9.1-6+b2,kali-rolling
libasound2-data,1.2.15.3-1,1.2.16.1-1,kali-rolling
libasound2t64,1.2.15.3-1,1.2.16.1-1,kali-rolling
libaspell15,0.60.8.2-3,0.60.8.2-3+b1,kali-rolling
libass9,1:0.17.4-2+b1,1:0.17.5-1,kali-rolling
libassuan9,3.0.2-2+b1,3.0.2-2+b2,kali-rolling
libasyncns0,0.8-7+b1,0.8-8,kali-rolling
libatasmart4,0.19-6+b1,0.19-6+b2,kali-rolling
libatk-bridge2.0-0t64,2.59.1-2,2.61.90-1,kali-rolling
libatk-wrapper-java-jni,0.44.0-1,0.44.0-1+b1,kali-rolling
libatk1.0-0t64,2.59.1-2,2.61.90-1,kali-rolling
libatkmm-1.6-1v5,2.28.4-2,2.28.5-1,kali-rolling
libatrildocument3t64,1.28.2-1,1.28.4-1,kali-rolling
libatrilview3t64,1.28.2-1,1.28.4-1,kali-rolling
libatspi2.0-0t64,2.59.1-2,2.61.90-1,kali-rolling
libattr1,1:2.5.2-4,1:2.6.0-1,kali-rolling
libaudit1,1:4.1.2-1+b1,1:4.1.2-1+b2,kali-rolling
libauthen-sasl-perl,2.2000-1,2.2000-2,kali-rolling
libavc1394-0,0.5.4-5+b3,0.5.4-6,kali-rolling
libavcodec62,7:8.0.1-3+b2,7:8.1.2-2+b3,kali-rolling
libavfilter11,7:8.0.1-3+b2,7:8.1.2-2+b3,kali-rolling
libavformat62,7:8.0.1-3+b2,7:8.1.2-2+b3,kali-rolling
libavif16,1.3.0-1+b2,1.4.2-1,kali-rolling
libavtp0,0.2.0-2+b1,0.2.0-2+b2,kali-rolling
libavutil60,7:8.0.1-3+b2,7:8.1.2-2+b3,kali-rolling
libayatana-appindicator3-1,0.5.94-1+b1,0.5.94-1.1,kali-rolling
libayatana-ido3-0.4-0,0.10.4-1+b1,0.10.4-1.1,kali-rolling
libayatana-indicator3-7,0.9.4-2,0.9.4-2.1,kali-rolling
libbcg729-0,1.1.1-3+b1,1.1.2-1,kali-rolling
libbdplus0,0.2.0-4+b2,0.2.0-5,kali-rolling
libbinutils,2.46-2,2.47-6,kali-rolling
libbit-vector-perl,7.4-4,7.4-4+b2,kali-rolling
libblas3,3.12.1-7+b1,3.12.1-8,kali-rolling
libblkid1,2.41.3-4,2.42.3-1,kali-rolling
libblockdev-crypto3,3.4.0-1,3.5.0-2,kali-rolling
libblockdev-fs3,3.4.0-1,3.5.0-2,kali-rolling
libblockdev-loop3,3.4.0-1,3.5.0-2,kali-rolling
libblockdev-mdraid3,3.4.0-1,3.5.0-2,kali-rolling
libblockdev-nvme3,3.4.0-1,3.5.0-2,kali-rolling
libblockdev-part3,3.4.0-1,3.5.0-2,kali-rolling
libblockdev-smart3,3.4.0-1,3.5.0-2,kali-rolling
libblockdev-swap3,3.4.0-1,3.5.0-2,kali-rolling
libblockdev-utils3,3.4.0-1,3.5.0-2,kali-rolling
libblockdev3,3.4.0-1,3.5.0-2,kali-rolling
libblosc1,1.21.5+ds-2+b1,1.21.5+ds-2+b2,kali-rolling
libbluetooth3,5.84-1,5.87-3,kali-rolling
libbpf1,1:1.6.2-1+b1,1:1.7.0-1,kali-rolling
libbrlapi0.8,6.9-3,6.9.1+repack-2,kali-rolling
libbrotli1,1.2.0-3,1.2.0-4+b1,kali-rolling
libbsd0,0.12.2-2+b1,0.12.2-3,kali-rolling
libbson2-2,2.2.3-1,2.5.3-1,kali-rolling
libbtbb1,2018.12.R1-1.1,2020.12.R1-0.1,kali-rolling
libbytes-random-secure-perl,0.29-3,0.29-4,kali-rolling
libbytesize-common,2.12-1,2.12-3,kali-rolling
libbytesize1,2.12-1,2.12-3,kali-rolling
libbz2-1.0,1.0.8-6+b1,1.0.8-6+b2,kali-rolling
libcaca0,0.99.beta20-6,0.99.beta20-8,kali-rolling
libcairo-gobject2,1.18.4-3,1.18.4-3+b1,kali-rolling
libcairo-script-interpreter2,1.18.4-3,1.18.4-3+b1,kali-rolling
libcairo2,1.18.4-3,1.18.4-3+b1,kali-rolling
libcairomm-1.0-1v5,1.14.5-3,1.14.6-1,kali-rolling
libcairomm-1.16-1,1.18.0-3,1.18.1-1,kali-rolling
libcamel-1.2-64t64,3.56.2-8+b1,3.56.2-9,kali-rolling
libcanberra-gtk3-0,0.30-20,0.30-20+b1,kali-rolling
libcanberra-gtk3-module,0.30-20,0.30-20+b1,kali-rolling
libcanberra0,0.30-20,0.30-20+b1,kali-rolling
libcap-ng0,0.9.1-1,0.9.6-1,kali-rolling
libcap2-bin,1:2.75-10+b9,1:2.78-1+b1,kali-rolling
libcap2,1:2.75-10+b9,1:2.78-1+b1,kali-rolling
libcapstone-dev,5.0.7-2,5.0.9-1,kali-rolling
libcapstone5,5.0.7-2,5.0.9-1,kali-rolling
libcares2,1.34.6-1,1.34.8-1,kali-rolling
libcbor0.10,0.10.2-2.1,0.10.2-2.2,kali-rolling
libccid,1.7.1-1,1.8.4-1,kali-rolling
libcdio-cdda2t64,10.2+2.0.2-2+b1,10.2+2.0.2-2+b2,kali-rolling
libcdio-paranoia2t64,10.2+2.0.2-2+b1,10.2+2.0.2-2+b2,kali-rolling
libcdio19t64,2.2.0-4+b1,2.2.0-4.1,kali-rolling
libcdt6,14.1.2-1,14.1.2-1+b3,kali-rolling
libcfitsio10t64,4.6.3-1+b1,4.7.0-2,kali-rolling
libcgi-pm-perl,4.71-1,4.72-1,kali-rolling
libcgraph8,14.1.2-1,14.1.2-1+b3,kali-rolling
libcharon-extauth-plugins,6.0.4-1,6.1.0-2,kali-rolling
libchromaprint1,1.6.0-2+b1,1.6.1-1,kali-rolling
libcjson1,1.7.19-2,1.7.19-2+b1,kali-rolling
libclang-common-21-dev,1:21.1.8-3+b1,1:21.1.8-10,kali-rolling
libclang-cpp21,1:21.1.8-3+b1,1:21.1.8-10,kali-rolling
libclang-rt-21-dev,1:21.1.8-3+b1,1:21.1.8-10,kali-rolling
libclang1-21,1:21.1.8-3+b1,1:21.1.8-10,kali-rolling
libcli1.10t64,1.10.7-3,1.10.7-3+b1,kali-rolling
libclone-perl,0.48-1,0.50-1+b2,kali-rolling
libcloudproviders0,0.4.0-2,0.4.1-1,kali-rolling
libcodec2-1.2,1.2.0-4,1.2.0-5,kali-rolling
libcom-err2,1.47.2-3+b8,1.47.4-1+b2,kali-rolling
libcommon-sense-perl,3.75-3+b5,3.75-3+b7,kali-rolling
libcompel1,4.2-4,4.2.1-1,kali-rolling
libcompress-raw-lzma-perl,2.219-1,2.224-1,kali-rolling
libconfig11,1.7.3-2.1,1.7.3-2.1+b1,kali-rolling
libcpuinfo0,0.0~git20250905.877328f-1,0.0~git20250905.877328f-1+b1,kali-rolling
libcrack2,2.9.6-5.2+b2,2.9.6-5.3+b1,kali-rolling
libcrypt-ssleay-perl,0.73.06-2+b5,0.73.06-2+b6,kali-rolling
libcrypt-urandom-perl,0.55-1,0.55-1+b1,kali-rolling
libcrypt1,1:4.5.1-1,1:4.5.2+20251210-1,kali-rolling
libcrypto++8t64,8.9.0-2+b1,8.9.0-3,kali-rolling
libcryptsetup12,2:2.8.4-1,2:2.8.8-1,kali-rolling
libct4,1.5.5+ds-1+b1,1.5.5+ds-1+b2,kali-rolling
libctf-nobfd0,2.46-2,2.47-6,kali-rolling
libctf0,2.46-2,2.47-6,kali-rolling
libcups2t64,2.4.16-1,2.4.18-1,kali-rolling
libcurl3t64-gnutls,8.21.0-2,8.22.0-1,kali-rolling
libcurl4-gnutls,8.21.0-2,8.22.0-1,kali-rolling
libcurl4t64,8.21.0-2,8.22.0-1,kali-rolling
libdate-calc-xs-perl,6.4-3,6.4-3+b2,kali-rolling
libdate-manip-perl,6.98-1,7.00-1,kali-rolling
libdatrie1,0.2.14-1,0.2.14-2,kali-rolling
libdav1d7,1.5.3-1+b1,1.5.4-1,kali-rolling
libdb5.3t64,5.3.28+dfsg2-11,5.3.28+dfsg2-11+b1,kali-rolling
libdbi-perl,1.647-1+b1,1.653-1,kali-rolling
libdbus-1-3,1.16.2-4,1.16.2-5+b1,kali-rolling
libdbus-glib-1-2,0.114-2,0.114-2+b1,kali-rolling
libdbusmenu-glib4,18.10.20180917~bzr492+repack1-4+b1,18.10.20180917~bzr492+repack1-4+b2,kali-rolling
libdbusmenu-gtk3-4,18.10.20180917~bzr492+repack1-4+b1,18.10.20180917~bzr492+repack1-4+b2,kali-rolling
libdc1394-25,2.2.6-6+b1,2.2.6-6+b2,kali-rolling
libdca0,0.0.7-2+b3,0.0.7-3,kali-rolling
libdconf1,0.49.0-4,51.0-2,kali-rolling
libde265-0,1.0.16-1+b1,1.1.2-1,kali-rolling
libdebconfclient0,0.282+b2,0.283,kali-rolling
libdecor-0-0,0.2.5-1,0.2.5-1+b1,kali-rolling
libdeflate0,1.23-2+b1,1.25-1,kali-rolling
libdevmapper1.02.1,2:1.02.205-2+b1,2:1.02.205-2+b2,kali-rolling
libdisplay-info3,0.3.0-1,0.3.0-1+b1,kali-rolling
libdjvulibre-text,3.5.29-1,3.5.30-1,kali-rolling
libdjvulibre21,3.5.29-1,3.5.30-1,kali-rolling
libdlt3,3.0.0-4,3.0.0-10,kali-rolling
libdnnl3.6,3.9.1+ds-2,3.12.1+ds-3,kali-rolling
libdotconf0,1.4.1-1+b1,1.4.1-2,kali-rolling
libdouble-conversion3,3.4.0-1,3.4.0-1+b1,kali-rolling
libdpkg-perl,1.23.5+kali1,1.23.7+kali1,kali-rolling
libdrm-amdgpu1,2.4.131-1,2.4.134-3,kali-rolling
libdrm-common,2.4.131-1,2.4.134-3,kali-rolling
libdrm-nouveau2,2.4.131-1,2.4.134-3,kali-rolling
libdrm-radeon1,2.4.131-1,2.4.134-3,kali-rolling
libdrm2,2.4.131-1,2.4.134-3,kali-rolling
libdv4t64,1.0.0-17.1+b2,1.0.0-18,kali-rolling
libdvdnav4,7.0.0-2,7.0.0-2+b1,kali-rolling
libdvdread8t64,7.0.1-1,7.1.1-1,kali-rolling
libdw1t64,0.194-1,0.196-1,kali-rolling
libebackend-1.2-11t64,3.56.2-8+b1,3.56.2-9,kali-rolling
libebook-1.2-21t64,3.56.2-8+b1,3.56.2-9,kali-rolling
libebook-contacts-1.2-4t64,3.56.2-8+b1,3.56.2-9,kali-rolling
libebur128-1,1.2.6-2+b1,1.2.6-2+b2,kali-rolling
libedata-book-1.2-27t64,3.56.2-8+b1,3.56.2-9,kali-rolling
libedataserver-1.2-27t64,3.56.2-8+b1,3.56.2-9,kali-rolling
libedit2,3.1-20251016-1,3.1-20260512-1,kali-rolling
libefiboot1t64,39-2+b1,39-2+b2,kali-rolling
libefivar1t64,39-2+b1,39-2+b2,kali-rolling
libegl-mesa0,26.0.0-1,26.1.6-1,kali-rolling
libegl1,1.7.0-3,1.7.0-3+b1,kali-rolling
libelf1t64,0.194-1,0.196-1,kali-rolling
libenchant-2-2,2.8.2+dfsg1-3+b1,2.8.16+dfsg-4,kali-rolling
libepoxy0,1.5.10-2+b1,1.5.10-2+b2,kali-rolling
libespeak-ng1,1.52.0+dfsg-5+b1,1.52.0+dfsg-5+b2,kali-rolling
libev4t64,1:4.33-2.1+b2,1:4.33-3,kali-rolling
libevdev2,1.13.6+dfsg-1,1.13.7+dfsg-1,kali-rolling
libevent-2.1-7t64,2.1.12-stable-10+b2,2.1.13-stable-1,kali-rolling
libevent-core-2.1-7t64,2.1.12-stable-10+b2,2.1.13-stable-1,kali-rolling
libevent-openssl-2.1-7t64,2.1.12-stable-10+b2,2.1.13-stable-1,kali-rolling
libevent-pthreads-2.1-7t64,2.1.12-stable-10+b2,2.1.13-stable-1,kali-rolling
libewf2,20140816-2,20140816-2+b2,kali-rolling
libexif12,0.6.25-2,0.6.26-1,kali-rolling
libexiv2-28,0.28.8+dfsg-1,0.28.9+dfsg-1,kali-rolling
libexiv2-data,0.28.8+dfsg-1,0.28.9+dfsg-1,kali-rolling
libexo-2-0,4.20.0-1+b1,4.20.0-1+b2,kali-rolling
libexpat1-dev,2.7.4-1,2.8.4-1,kali-rolling
libexpat1,2.7.4-1,2.8.4-1,kali-rolling
libext2fs2t64,1.47.2-3+b8,1.47.4-1+b2,kali-rolling
libfaad2,2.11.2-1+b1,2.11.3-1,kali-rolling
libfakeroot,1.37.2-1,2.1.4-1,kali-rolling
libfalcosecurity0t64,0.20.0-4,0.20.0-4.1+b1,kali-rolling
libfbclient2,4.0.6.3221.ds6-2+b2,4.0.7.3271.ds6-1+b2,kali-rolling
libfcgi-bin,2.4.5-0.1+b1,2.4.5-0.1+b2,kali-rolling
libfcgi-perl,0.82+ds-3+b3,0.82+ds-3+b4,kali-rolling
libfcgi0t64,2.4.5-0.1+b1,2.4.5-0.1+b2,kali-rolling
libfdisk1,2.41.3-4,2.42.3-1,kali-rolling
libffado2,2.5.0-1,2.5.0-5+b1,kali-rolling
libffi-dev,3.5.2-3+b1,3.8.0-2,kali-rolling
libffi8,3.5.2-3+b1,3.8.0-2,kali-rolling
libfftw3-double3,3.3.10-2+b2,3.3.11-1,kali-rolling
libfftw3-single3,3.3.10-2+b2,3.3.11-1,kali-rolling
libfido2-1,1.16.0-2+b1,1.17.0-2,kali-rolling
libfile-fcntllock-perl,0.22-4+b5,0.22-4+b6,kali-rolling
libfile-mimeinfo-perl,0.36-2,0.37-1,kali-rolling
libflac14,1.5.0+ds-5,1.5.0+ds-5+b1,kali-rolling
libflashrom1,1.6.0-2+b1,1.6.0-3,kali-rolling
libflite1,2.2-7+b1,2.2-7+b2,kali-rolling
libfluidsynth3,2.5.2+dfsg-1,2.6.0+dfsg-1,kali-rolling
libfmt10,10.1.1+ds1-4+b1,10.1.1+ds1-4+b2,kali-rolling
libfontbox-java,1:1.8.16-5,1:1.8.17-1,kali-rolling
libfreeaptx0,0.2.2-1+b1,0.2.2-1+b2,kali-rolling
libfreerdp-client3-3,3.23.0+dfsg-1+b1,3.31.1+dfsg-1,kali-rolling
libfreerdp3-3,3.23.0+dfsg-1+b1,3.31.1+dfsg-1,kali-rolling
libfreetype6,2.14.1+dfsg-2,2.14.3+dfsg-2,kali-rolling
libfribidi0,1.0.16-5,1.0.16-5+b1,kali-rolling
libfsverity0,1.6-1.2+b1,1.6-1.2+b2,kali-rolling
libftdi1-2,1.6~rc1-1,1.6~rc1-2,kali-rolling
libfuse3-4,3.18.1-1,3.18.3-1,kali-rolling
libgarcon-1-0,4.20.0-1+b1,4.20.0-1+b2,kali-rolling
libgarcon-gtk3-1-0,4.20.0-1+b1,4.20.0-1+b2,kali-rolling
libgav1-2,0.20.0-2,0.20.0-2+b2,kali-rolling
libgbm1,26.0.0-1,26.1.6-1,kali-rolling
libgck-1-0,3.41.2-6,3.41.2-6+b1,kali-rolling
libgck-2-2,4.4.0.1-8,4.4.1-3,kali-rolling
libgcr-4-4,4.4.0.1-8,4.4.1-3,kali-rolling
libgcr-base-3-1,3.41.2-6,3.41.2-6+b1,kali-rolling
libgcr-ui-3-1,3.41.2-6,3.41.2-6+b1,kali-rolling
libgcrypt20,1.11.2-3+b1,1.12.2-1,kali-rolling
libgd3,2.3.3-13+b1,2.3.3-14,kali-rolling
libgdbm-compat4t64,1.26-1+b1,1.26-1+b2,kali-rolling
libgdbm6t64,1.26-1+b1,1.26-1+b2,kali-rolling
libgdk-pixbuf-2.0-0,2.44.5+dfsg-4,2.44.7+dfsg-1,kali-rolling
libgdk-pixbuf2.0-common,2.44.5+dfsg-4,2.44.7+dfsg-1,kali-rolling
libgeoip1t64,1.6.12-11.1+b2,1.6.12-13,kali-rolling
libgeos-c1t64,3.14.1-2,3.15.0-1,kali-rolling
libgif7,5.2.2-1+b2,6.1.3-1,kali-rolling
libgirepository-2.0-0,2.87.2-3,2.90.0-1,kali-rolling
libgl-dev,1.7.0-3,1.7.0-3+b1,kali-rolling
libgl1-mesa-dri,26.0.0-1,26.1.6-1,kali-rolling
libgl1,1.7.0-3,1.7.0-3+b1,kali-rolling
libgles2,1.7.0-3,1.7.0-3+b1,kali-rolling
libglib2.0-0t64,2.87.2-3,2.90.0-1,kali-rolling
libglib2.0-bin,2.87.2-3,2.90.0-1,kali-rolling
libglib2.0-data,2.87.2-3,2.90.0-1,kali-rolling
libglibmm-2.4-1t64,2.66.8-3,2.66.10-1,kali-rolling
libglibmm-2.68-1t64,2.86.0-7,2.90.0-1,kali-rolling
libglut-dev,3.4.0-6+b1,3.4.0-6+b2,kali-rolling
libglut3.12,3.4.0-6+b1,3.4.0-6+b2,kali-rolling
libglvnd0,1.7.0-3,1.7.0-3+b1,kali-rolling
libglx-dev,1.7.0-3,1.7.0-3+b1,kali-rolling
libglx-mesa0,26.0.0-1,26.1.6-1,kali-rolling
libglx0,1.7.0-3,1.7.0-3+b1,kali-rolling
libglycin-2-0,2.0.8-1,2.2.1+ds-2,kali-rolling
libgme0,0.6.4-1,0.6.5-1,kali-rolling
libgmp-dev,2:6.3.0+dfsg-5+b1,2:6.3.0+dfsg-5+b2,kali-rolling
libgmp10,2:6.3.0+dfsg-5+b1,2:6.3.0+dfsg-5+b2,kali-rolling
libgmpxx4ldbl,2:6.3.0+dfsg-5+b1,2:6.3.0+dfsg-5+b2,kali-rolling
libgnutls-dane0t64,3.8.12-2,3.8.13-1,kali-rolling
libgnutls30t64,3.8.12-2,3.8.13-1,kali-rolling
libgoa-1.0-0b,3.57.1-1,3.58.1-2,kali-rolling
libgoa-1.0-common,3.57.1-1,3.58.1-2,kali-rolling
libgpg-error-l10n,1.59-4,1.61-5,kali-rolling
libgpg-error0,1.59-4,1.61-5,kali-rolling
libgpgme45,2.0.1-2,2.2.0-2,kali-rolling
libgpgmepp7,2.0.0-2,2.1.0-2,kali-rolling
libgphoto2-6t64,2.5.33-1,2.5.33-1+b1,kali-rolling
libgphoto2-port12t64,2.5.33-1,2.5.33-1+b1,kali-rolling
libgpm2,1.20.7-12+b1,1.20.7-12+b2,kali-rolling
libgprofng0,2.46-2,2.47-6,kali-rolling
libgraphene-1.0-0,1.10.8-5+b1,1.10.8-5+b2,kali-rolling
libgraphite2-3,1.3.14-11+b1,1.3.15-2,kali-rolling
libgrpc++1.51t64,1.51.1-7,1.51.1-9+b2,kali-rolling
libgrpc29t64,1.51.1-7,1.51.1-9+b2,kali-rolling
libgs-common,10.06.0~dfsg-3,10.07.1~dfsg-1,kali-rolling
libgs10-common,10.06.0~dfsg-3,10.07.1~dfsg-1,kali-rolling
libgs10,10.06.0~dfsg-3,10.07.1~dfsg-1,kali-rolling
libgsm1,1.0.23-2,1.0.24-1,kali-rolling
libgspell-1-3,1.14.2-2+b2,1.14.4-1,kali-rolling
libgspell-1-common,1.14.2-2,1.14.4-1,kali-rolling
libgssapi-krb5-2,1.22.1-2,1.22.1-3,kali-rolling
libgssdp-1.6-0,1.6.4-5,1.6.6-1,kali-rolling
libgssrpc4t64,1.22.1-2,1.22.1-3,kali-rolling
libgstreamer-gl1.0-0,1.28.1-1,1.28.7-1,kali-rolling
libgstreamer-plugins-bad1.0-0,1.26.10-2,1.28.7-2,kali-rolling
libgstreamer-plugins-base1.0-0,1.28.1-1,1.28.7-1,kali-rolling
libgstreamer1.0-0,1.28.1-1,1.28.7-1,kali-rolling
libgtk-3-0t64,3.24.51-4,3.24.52-1,kali-rolling
libgtk-3-bin,3.24.51-4,3.24.52-1,kali-rolling
libgtk-3-common,3.24.51-4,3.24.52-1,kali-rolling
libgtk-4-1,4.20.3+ds-3,4.22.4+ds-1,kali-rolling
libgtk-4-bin,4.20.3+ds-3,4.22.4+ds-1,kali-rolling
libgtk-4-common,4.20.3+ds-3,4.22.4+ds-1,kali-rolling
libgtk-layer-shell0,0.10.0-1,0.10.1-1,kali-rolling
libgtkmm-3.0-1t64,3.24.10-2,3.24.11-1,kali-rolling
libgtkmm-4.0-0,4.20.0-1,4.22.0-1,kali-rolling
libgtksourceview-4-0,4.8.4-9,4.8.4-9+b1,kali-rolling
libgtop-2.0-11,2.41.3-2+b1,2.41.3-2+b2,kali-rolling
libgudev-1.0-0,238-7+b1,238-7+b2,kali-rolling
libgumbo3,0.13.0+dfsg-2+b1,0.13.2+dfsg-1,kali-rolling
libgupnp-1.6-0,1.6.9-4,1.6.10-1,kali-rolling
libgupnp-igd-1.6-0,1.6.0-5,1.6.0-5+b1,kali-rolling
libgusb2a,0.4.9-7,0.4.9-8,kali-rolling
libgvc7,14.1.2-1,14.1.2-1+b3,kali-rolling
libgvm22t64,22.35.4-1,22.41.0-1,kali-rolling
libgvplugin-gd8,14.1.2-1,14.1.2-1+b3,kali-rolling
libgvplugin-neato-layout8,14.1.2-1,14.1.2-1+b3,kali-rolling
libgvplugin-pango8,14.1.2-1,14.1.2-1+b3,kali-rolling
libgvpr2,14.1.2-1,14.1.2-1+b3,kali-rolling
libgxps2t64,0.3.2-6,0.3.2-6+b1,kali-rolling
libhandy-1-0,1.8.3-3+b1,1.8.3-6,kali-rolling
libhashkit2t64,1.1.4-1.1+b3,1.1.4-1.2,kali-rolling
libhavege2,1.9.19-14,1.9.26-1,kali-rolling
libhdf4-0,4.3.1-2,4.3.1-3,kali-rolling
libheif-plugin-aomenc,1.21.2-3,1.23.3-1,kali-rolling
libheif-plugin-dav1d,1.21.2-3,1.23.3-1,kali-rolling
libheif-plugin-libde265,1.21.2-3,1.23.3-1,kali-rolling
libheif-plugin-x265,1.21.2-3,1.23.3-1,kali-rolling
libheif1,1.21.2-3,1.23.3-1,kali-rolling
libhidapi-hidraw0,0.15.0-2+b1,0.15.0-2+b2,kali-rolling
libhogweed6t64,3.10.2-1,3.10.2-1+b1,kali-rolling
libhtml-parser-perl,3.83-1+b3,3.83-2+b2,kali-rolling
libhttp-cookies-perl,6.11-1,6.12-2,kali-rolling
libhttp-daemon-perl,6.16-1,6.17-1,kali-rolling
libhttp-date-perl,6.06-1,6.08-1,kali-rolling
libhttp-message-perl,7.01-1,7.04-1,kali-rolling
libhunspell-1.7-0,1.7.2+really1.7.2-11+b1,1.7.3+really1.7.3-5,kali-rolling
libhwloc-plugins,2.13.0-2,2.15.0-2,kali-rolling
libhwloc15,2.13.0-2,2.15.0-2,kali-rolling
libhwy1t64,1.3.0-2,1.3.0-5.1,kali-rolling
libhyphen0,2.8.8-7+b3,2.8.9-3,kali-rolling
libi2c0,4.4-2+b1,4.4-3+b1,kali-rolling
libibus-1.0-5,1.5.34~beta1-1,1.5.35~beta2-1,kali-rolling
libical3t64,3.0.20-2+b1,3.0.20-3,kali-rolling
libice-dev,2:1.1.1-1+b1,2:1.1.1-1+b2,kali-rolling
libice6,2:1.1.1-1+b1,2:1.1.1-1+b2,kali-rolling
libicu78,78.2-2,78.3-2,kali-rolling
libidn12,1.43-2+b1,1.44-1,kali-rolling
libidn2-0,2.3.8-4+b1,2.3.8-5,kali-rolling
libiec61883-0,1.2.0-7+b1,1.2.0-8,kali-rolling
libieee1284-3t64,0.2.11-14.1+b2,0.2.11-15,kali-rolling
libijs-0.35,0.35-16+b1,0.35-16+b2,kali-rolling
libimage-exiftool-perl,13.50+dfsg-1,13.55+dfsg-1,kali-rolling
libimagequant0,4.4.1-1+b1,4.4.1-1+b2,kali-rolling
libimobiledevice-1.0-6,1.4.0-1+b1,1.4.0-1+b3,kali-rolling
libinih1,61-1+b1,61-1+b2,kali-rolling
libiniparser4,4.2.6-1+b1,4.2.6-1+b2,kali-rolling
libinireader0,61-1+b1,61-1+b2,kali-rolling
libinput-bin,1.31.0-1,1.31.3-1,kali-rolling
libinput10,1.31.0-1,1.31.3-1,kali-rolling
libio-compress-brotli-perl,0.019000-1,0.019000-1+b1,kali-rolling
libio-pty-perl,1:1.20-1+b4,1:1.31-1+b1,kali-rolling
libio-socket-ssl-perl,2.098-1,2.099-1,kali-rolling
libip4tc2,1.8.11-4,1.8.13-1,kali-rolling
libip6tc2,1.8.11-4,1.8.13-1,kali-rolling
libipc-run-perl,20250809.0-1,20260402.0-1,kali-rolling
libisl23,0.27-1+b1,0.28-1,kali-rolling
libiw30t64,30~pre9-20,30~pre9-23,kali-rolling
libjack-jackd2-0,1.9.22~dfsg-5+b1,1.9.22~dfsg-6,kali-rolling
libjansson4,2.14-2+b4,2.15.1-1,kali-rolling
libjavascriptcoregtk-4.1-0,2.50.5-1+b1,2.52.6-1,kali-rolling
libjavascriptcoregtk-6.0-1,2.50.5-1+b1,2.52.6-1,kali-rolling
libjaylink0,0.4.0-1+b1,0.4.0-1+b2,kali-rolling
libjemalloc2,5.3.0-4,5.3.1-2,kali-rolling
libjpeg-turbo-progs,1:2.1.5-4,1:3.1.3-4,kali-rolling
libjpeg62-turbo,1:2.1.5-4,1:3.1.3-4,kali-rolling
libjq1,1.8.1-4+b1,1.8.2-1,kali-rolling
libjs-bootstrap5,5.3.8+dfsg-2,5.3.8+dfsg-4,kali-rolling
libjs-sphinxdoc,8.2.3-12,9.1.0-8,kali-rolling
libjson-c5,0.18+ds-3,0.19+ds-1,kali-rolling
libjson-glib-1.0-0,1.10.8+ds-2,1.10.8+ds-2+b1,kali-rolling
libjson-xs-perl,4.040-1,4.040-1+b1,kali-rolling
libjsoncpp26,1.9.6-5,1.9.8-2,kali-rolling
libjxl0.11,0.11.1-6,0.11.2-5.1,kali-rolling
libjxr-tools,1.2~git20170615.f752187-5.3+b1,1.2~git20170615.f752187-5.3+b2,kali-rolling
libjxr0t64,1.2~git20170615.f752187-5.3+b1,1.2~git20170615.f752187-5.3+b2,kali-rolling
libk5crypto3,1.22.1-2,1.22.1-3,kali-rolling
libkadm5clnt-mit12,1.22.1-2,1.22.1-3,kali-rolling
libkadm5srv-mit12,1.22.1-2,1.22.1-3,kali-rolling
libkdb5-10t64,1.22.1-2,1.22.1-3,kali-rolling
libkeyutils1,1.6.3-6+b1,1.6.3-6+b2,kali-rolling
libklibc,2.0.14-1+b1,2.0.14-1+b2,kali-rolling
libkpathsea6,2025.20250727.75242+ds-5+b2,2026.20260303.78225+ds-5,kali-rolling
libkrb5-3,1.22.1-2,1.22.1-3,kali-rolling
libkrb5-dev,1.22.1-2,1.22.1-3,kali-rolling
libkrb5support0,1.22.1-2,1.22.1-3,kali-rolling
libksba8,1.6.7-2+b2,1.8.1-1,kali-rolling
liblapack3,3.12.1-7+b1,3.12.1-8,kali-rolling
liblastlog2-2,2.41.3-4,2.42.3-1,kali-rolling
liblayershellqtinterface6,6.5.4-1,6.7.4-1,kali-rolling
liblc3-1,1.1.3+dfsg-1+b1,1.1.3+dfsg-1+b2,kali-rolling
liblcms2-2,2.17-1,2.19.1-1,kali-rolling
libldacbt-abr2,2.0.2.3+git20200429+ed310a0-5+b1,2.0.2.3+git20200429+ed310a0-5+b2,kali-rolling
libldacbt-enc2,2.0.2.3+git20200429+ed310a0-5+b1,2.0.2.3+git20200429+ed310a0-5+b2,kali-rolling
libldap-common,2.6.10+dfsg-1,2.6.14+dfsg-2,kali-rolling
libldap2,2.6.10+dfsg-1+b1,2.6.14+dfsg-2,kali-rolling
libldb2,2:2.11.0+samba4.23.6+dfsg-1+b1,2:2.11.0+samba4.24.6+dfsg-1,kali-rolling
liblerc4,4.0.0+ds-5+b1,4.2.0+ds-1,kali-rolling
liblightdm-gobject-1-0,1.32.0-7,1.33.1-3,kali-rolling
liblilv-0-0,0.26.4-1,0.28.0-2,kali-rolling
libllvm21,1:21.1.8-3+b1,1:21.1.8-10,kali-rolling
liblmdb0,0.9.31-1+b3,0.9.35-1,kali-rolling
liblocale-gettext-perl,1.07-8,1.07-10+b1,kali-rolling
liblouis-data,3.37.0-1,3.39.0-1,kali-rolling
liblouis20,3.37.0-1,3.39.0-1,kali-rolling
liblqr-1-0,0.4.2-2.2,0.4.2-2.2+b1,kali-rolling
liblrdf0,0.6.1-5+b1,0.6.1-5+b2,kali-rolling
libltdl7,2.5.4-9,2.6.2-2,kali-rolling
liblua5.3-0,5.3.6-3,5.3.6-4+b1,kali-rolling
liblua5.4-0,5.4.8-1+b1,5.4.9-1,kali-rolling
libluajit-5.1-2,2.1.0+openresty20251030-1+b1,2.1.0+openresty20251030-1+b2,kali-rolling
liblz4-1,1.10.0-6,1.10.0-10,kali-rolling
liblz4-dev,1.10.0-6,1.10.0-10,kali-rolling
liblzma-dev,5.8.2-2,5.8.4-1,kali-rolling
liblzma5,5.8.2-2,5.8.4-1,kali-rolling
libmagic-dev,1:5.46-5+b1,1:5.47-4,kali-rolling
libmagic-mgc,1:5.46-5+b1,1:5.47-4,kali-rolling
libmagic1t64,1:5.46-5+b1,1:5.47-4,kali-rolling
libmagickcore-7.q16-10-extra,8:7.1.2.15+dfsg1-2,8:7.1.2.31+dfsg1-1,kali-rolling
libmagickcore-7.q16-10,8:7.1.2.15+dfsg1-2,8:7.1.2.31+dfsg1-1,kali-rolling
libmagickwand-7.q16-10,8:7.1.2.15+dfsg1-2,8:7.1.2.31+dfsg1-1,kali-rolling
libmanette-0.2-0,0.2.13-1,0.2.13-1+b1,kali-rolling
libmariadb3,1:11.8.6-2,1:11.8.9+ds-2,kali-rolling
libmate-desktop-2-17t64,1.28.2-1,1.28.2-1+b1,kali-rolling
libmath-random-isaac-perl,1.004-2,1.004-3,kali-rolling
libmath-random-isaac-xs-perl,1.004-3+b5,1.004-3+b6,kali-rolling
libmaxminddb0,1.12.2-1+b1,1.13.3-1,kali-rolling
libmbedcrypto16,3.6.5-0.1,3.6.7-3,kali-rolling
libmbim-glib4,1.34.0-1,1.34.0-1+b1,kali-rolling
libmbim-proxy,1.34.0-1,1.34.0-1+b1,kali-rolling
libmbim-utils,1.34.0-1,1.34.0-1+b1,kali-rolling
libmd0,1.1.0-2+b2,1.2.0-2,kali-rolling
libmd4c0,0.5.2-2+b2,0.5.3-1,kali-rolling
libmemcached11t64,1.1.4-1.1+b3,1.1.4-1.2,kali-rolling
libminizip1t64,1:1.3.dfsg+really1.3.1-3,1:1.3.dfsg+really1.3.2-3,kali-rolling
libmjpegutils-2.2-0,1:2.2.1-3,1:2.2.1-3+b1,kali-rolling
libmm-glib0,1.24.2-2,1.24.2-2+b1,kali-rolling
libmnl0,1.0.5-3+b1,1.0.5-3+b2,kali-rolling
libmodplug1,1:0.8.9.0-3+b3,1:0.8.9.0-4,kali-rolling
libmongoc2-2,2.2.3-1,2.5.3-1,kali-rolling
libmongocrypt0,1.17.0-1,1.20.4-1,kali-rolling
libmosquitto1,2.0.22-5+b1,2.1.2-3,kali-rolling
libmount1,2.41.3-4,2.42.3-1,kali-rolling
libmousepad0,0.6.5-1,0.7.0-1,kali-rolling
libmp3lame0,3.101~svn6525+dfsg-2,4.0-1,kali-rolling
libmpc3,1.3.1-2+b1,1.3.1-3,kali-rolling
libmpcdec6,2:0.1~r495-3+b1,2:0.1~r495-3+b2,kali-rolling
libmpeg2encpp-2.2-0,1:2.2.1-3,1:2.2.1-3+b1,kali-rolling
libmpfi0,1.5.4+ds-4+b1,1.5.4+ds-5,kali-rolling
libmpfr6,4.2.2-2+b1,4.2.2-3,kali-rolling
libmpg123-0t64,1.33.3-2,1.33.7-1,kali-rolling
libmplex2-2.2-0,1:2.2.1-3,1:2.2.1-3+b1,kali-rolling
libmsgraph-1-1,0.3.3-3+b1,0.3.5-1,kali-rolling
libmtdev1t64,1.1.7-1+b1,1.1.7-1+b2,kali-rolling
libmtp-common,1.1.22-1,1.1.23-1,kali-rolling
libmtp-runtime,1.1.22-1+b1,1.1.23-1,kali-rolling
libmtp9t64,1.1.22-1+b1,1.1.23-1,kali-rolling
libmujs3,1.3.8-2,1.3.10-2,kali-rolling
libmuparser2v5,2.3.4-2,2.3.4-2+b1,kali-rolling
libmysofa1,1.3.3+dfsg-1+b1,1.3.5+dfsg-1,kali-rolling
libncurses-dev,6.6+20251231-1,6.6+20260608-2,kali-rolling
libncurses6,6.6+20251231-1,6.6+20260608-2,kali-rolling
libncursesw6,6.6+20251231-1,6.6+20260608-2,kali-rolling
libneon27t64-gnutls,0.36.0-1,0.37.1-1,kali-rolling
libneon27t64,0.36.0-1,0.37.1-1,kali-rolling
libnet-dbus-perl,1.2.0-2+b4,1.2.0-2+b5,kali-rolling
libnet-dns-perl,1.54-1,1.57-1,kali-rolling
libnet-dns-sec-perl,1.27-1,1.27-1+b1,kali-rolling
libnet-libidn2-perl,1.02-1+b4,1.02-1+b5,kali-rolling
libnet-server-perl,2.014-1,2.018-1,kali-rolling
libnet-ssleay-perl,1.94-3+b1,1.96-2,kali-rolling
libnet9,1.3+dfsg-3,1.3+dfsg-3+b2,kali-rolling
libnetcdf22,1:4.10.0-1,1:4.10.1-1+b1,kali-rolling
libnetpbm11t64,2:11.13.03-1,2:11.13.03+ds-2,kali-rolling
libnettle8t64,3.10.2-1,3.10.2-1+b1,kali-rolling
libnewt0.52,0.52.25-2,0.52.25-2+b1,kali-rolling
libnfnetlink0,1.0.2-3+b1,1.0.2-3+b2,kali-rolling
libnfs14,5.0.2-1+b3,5.0.2-1.1,kali-rolling
libnfsidmap1,1:2.8.5-1,1:2.9.2-1,kali-rolling
libnftables1,1.1.6-1,1.1.7-1,kali-rolling
libnftnl11,1.3.1-1,1.3.2-1,kali-rolling
libnghttp2-14,1.68.0-2,1.70.0-1,kali-rolling
libnghttp3-9,1.12.0-1,1.17.0-1,kali-rolling
libnice10,0.1.23-2,0.1.23-2+b1,kali-rolling
libnl-3-200,3.12.0-2,3.12.0-2+b1,kali-rolling
libnl-genl-3-200,3.12.0-2,3.12.0-2+b1,kali-rolling
libnl-route-3-200,3.12.0-2,3.12.0-2+b1,kali-rolling
libnm0,1.54.3-2,1.58.1-1,kali-rolling
libnma-common,1.10.6-7,1.10.6-8,kali-rolling
libnma-gtk4-0,1.10.6-7+b1,1.10.6-8,kali-rolling
libnma0,1.10.6-7+b1,1.10.6-8,kali-rolling
libnorm1t64,1.5.9+dfsg-4,1.5.9+dfsg-4+b1,kali-rolling
libnotify-bin,0.8.8-1,0.8.8-1+b1,kali-rolling
libnotify4,0.8.8-1,0.8.8-1+b1,kali-rolling
libnpth0t64,1.8-3+b1,1.8-4,kali-rolling
libnsl2,1.3.0-3+b4,1.3.0-4,kali-rolling
libnspr4,2:4.38.2-1,2:4.40-1,kali-rolling
libnss-mdns,0.15.1-5,0.15.1-5+b1,kali-rolling
libnss-systemd,259.1-1,261.2-1,kali-rolling
libnss3,2:3.121-1,2:3.129-1,kali-rolling
libnuma1,2.0.19-1+b1,2.0.19-1+b2,kali-rolling
libnvme1t64,1.16.1-4,1.16.2-1+b1,kali-rolling
libodbc2,2.3.14-1,2.3.14-2,kali-rolling
libodbccr2,2.3.14-1,2.3.14-2,kali-rolling
libodbcinst2,2.3.14-1,2.3.14-2,kali-rolling
libogg0,1.3.6-2,1.3.6-2+b1,kali-rolling
libonig5,6.9.10-1,6.9.10-1+b1,kali-rolling
libonnxruntime-providers,1.21.0+dfsg-3,1.23.2+dfsg-6+b5,kali-rolling
liboobs-1-5,3.0.0-4.4,3.0.0-4.4+b1,kali-rolling
libopenal-data,1:1.25.1-2,1:1.25.2-1,kali-rolling
libopenal1,1:1.25.1-2,1:1.25.2-1,kali-rolling
libopenconnect5,9.12-3.3,9.21-5,kali-rolling
libopenfec1,1.4.2.12+dfsg-1+b1,1.4.2.12+dfsg-1+b2,kali-rolling
libopengl-dev,1.7.0-3,1.7.0-3+b1,kali-rolling
libopengl0,1.7.0-3,1.7.0-3+b1,kali-rolling
libopenh264-8,2.6.0+dfsg-2+b1,2.6.0+dfsg-2+b2,kali-rolling
libopenjp2-7,2.5.4-1,2.5.4-1.1,kali-rolling
libopenmpt0t64,0.8.4-1,0.8.9-1,kali-rolling
libopenni2-0,2.2.0.33+dfsg-19,2.2.0.33+dfsg-19+b1,kali-rolling
libopus0,1.6.1-1,1.6.1-1+b1,kali-rolling
liborc-0.4-0t64,1:0.4.42-2,1:0.4.44-1,kali-rolling
libout123-0t64,1.33.3-2,1.33.7-1,kali-rolling
libp11-kit0,0.26.2-2,0.26.5-1,kali-rolling
libpackagekit-glib2-18,1.3.4-3,1.4.0-1,kali-rolling
libpam-gnome-keyring,48.0-5,51.1-1,kali-rolling
libpam-modules-bin,1.7.0-5+b1,1.7.0-8,kali-rolling
libpam-modules,1.7.0-5+b1,1.7.0-8,kali-rolling
libpam-runtime,1.7.0-5,1.7.0-8,kali-rolling
libpam-systemd,259.1-1,261.2-1,kali-rolling
libpam0g,1.7.0-5+b1,1.7.0-8,kali-rolling
libpango-1.0-0,1.57.0-1,1.58.0-1,kali-rolling
libpangocairo-1.0-0,1.57.0-1,1.58.0-1,kali-rolling
libpangoft2-1.0-0,1.57.0-1,1.58.0-1,kali-rolling
libpangomm-1.4-1v5,2.46.4-2,2.46.5-1,kali-rolling
libpangomm-2.48-1t64,2.56.1-2,2.56.2-1,kali-rolling
libpangoxft-1.0-0,1.57.0-1,1.58.0-1,kali-rolling
libpaper-utils,2.2.5-0.3+b3,2.2.5-0.4,kali-rolling
libpaper2,2.2.5-0.3+b3,2.2.5-0.4,kali-rolling
libparted-fs-resize0t64,3.6-6+b1,3.7-1,kali-rolling
libparted2t64,3.6-6+b1,3.7-1,kali-rolling
libpathplan4,14.1.2-1,14.1.2-1+b3,kali-rolling
libpcap0.8t64,1.10.6-1,1.10.7-1,kali-rolling
libpcaudio0,1.3-1+b1,1.3-1+b2,kali-rolling
libpci3,1:3.14.0-1+b2,1:3.15.0-2,kali-rolling
libpciaccess0,0.17-3+b4,0.19-2,kali-rolling
libpcre2-16-0,10.46-1+b1,10.48-3,kali-rolling
libpcre2-8-0,10.46-1+b1,10.48-3,kali-rolling
libpcre2-posix3,10.46-1+b1,10.48-3,kali-rolling
libpcsclite1,2.4.1-1,2.5.1-1,kali-rolling
libpdfbox-java,1:1.8.16-5,1:1.8.17-1,kali-rolling
libpfm4,4.13.0+git106-g3e4031b-1+b1,4.13.0+git106-g3e4031b-1+b2,kali-rolling
libpgm-5.3-0t64,5.3.128~dfsg-2.1+b2,5.3.128~dfsg-3,kali-rolling
libphonenumber8,8.13.51+ds-5,8.13.51+ds-6+b3,kali-rolling
libpipeline1,1.5.8-2,1.5.8-3,kali-rolling
libpipewire-0.3-0t64,1.4.10-1+b1,1.6.9-2,kali-rolling
libpipewire-0.3-common,1.4.10-1,1.6.9-2,kali-rolling
libpipewire-0.3-modules,1.4.10-1+b1,1.6.9-2,kali-rolling
libpixman-1-0,0.46.4-1+b1,0.46.4-1+b2,kali-rolling
libpkcs11-helper1t64,1.31.0-1+b1,1.31.0-1+b2,kali-rolling
libplacebo360,7.360.0-3,7.360.1-1,kali-rolling
libplist-2.0-4,2.7.0+git20250820-1,2.7.0+git20250820-1+b2,kali-rolling
libplymouth5,24.004.60-5.1,26.134.222-1,kali-rolling
libpng16-16t64,1.6.55-1,1.6.58-1,kali-rolling
libpocl2-common,6.0-7,7.1-9,kali-rolling
libpocl2t64,6.0-7+b1,7.1-9,kali-rolling
libpolkit-agent-1-0,127+really126-0+kali1,127+really127-3kali1,kali-rolling
libpolkit-gobject-1-0,127+really126-0+kali1,127+really127-3kali1,kali-rolling
libpoppler-glib8t64,25.03.0-11.1+b1,26.07.0-2,kali-rolling
libpopt0,1.19+dfsg-2+b1,1.19+dfsg-2+b2,kali-rolling
libportaudio2,19.7.0-1,19.7.0-1+b1,kali-rolling
libportmidi2,2:2.0.8-1,2:2.0.8-1+b1,kali-rolling
libpq5,18.3-1+b1,18.6-3,kali-rolling
libproj25,9.7.1-1+b1,9.8.1-1,kali-rolling
libprotobuf-c1,1.5.1-1+b1,1.5.1-1+b2,kali-rolling
libprotobuf32t64,3.21.12-15,3.21.12-16,kali-rolling
libprotoc32t64,3.21.12-15,3.21.12-16,kali-rolling
libproxy1v5,0.5.12-1,0.5.12-3,kali-rolling
libproxychains4,4.17-3+b1,4.17-4,kali-rolling
libpskc0t64,2.6.14-1,2.6.14-1+b1,kali-rolling
libpsl5t64,0.21.2-1.1+b2,0.23.3-1,kali-rolling
libptexenc1,2025.20250727.75242+ds-5+b2,2026.20260303.78225+ds-5,kali-rolling
libpulse-mainloop-glib0,17.0+dfsg1-2.1,17.0+dfsg1-3,kali-rolling
libpulse0,17.0+dfsg1-2.1,17.0+dfsg1-3,kali-rolling
libpwquality1,1.4.5-5+b1,1.4.5-5+b3,kali-rolling
libpython3-dev,3.13.9-3,3.14.7-3,kali-rolling
libpython3-stdlib,3.13.9-3,3.14.7-3,kali-rolling
libpython3.13-dev,3.13.12-1,3.13.15-1,kali-rolling
libpython3.13-minimal,3.13.12-1,3.13.15-1,kali-rolling
libpython3.13-stdlib,3.13.12-1,3.13.15-1,kali-rolling
libpython3.13,3.13.12-1,3.13.15-1,kali-rolling
libqcustomplot2.1,2.1.1+dfsg1-1+b1,2.1.1+dfsg1-1+b2,kali-rolling
libqhull-r8.0,2020.2-8,2020.2-9,kali-rolling
libqmi-glib5,1.38.0-1,1.38.0-1+b1,kali-rolling
libqmi-proxy,1.38.0-1,1.38.0-1+b1,kali-rolling
libqmi-utils,1.38.0-1,1.38.0-1+b1,kali-rolling
libqrencode4,4.1.1-2+b1,4.1.1-2+b2,kali-rolling
libqrtr-glib0,1.4.0-1,1.4.0-1+b1,kali-rolling
libqscintilla2-qt5-15,2.14.1+dfsg-2,2.14.1+dfsg-4,kali-rolling
libqscintilla2-qt5-l10n,2.14.1+dfsg-2,2.14.1+dfsg-4,kali-rolling
libqt5charts5,5.15.17-2+b1,5.15.19-2,kali-rolling
libqt5core5t64,5.15.17+dfsg-7+b1,5.15.19+dfsg-5,kali-rolling
libqt5dbus5t64,5.15.17+dfsg-7+b1,5.15.19+dfsg-5,kali-rolling
libqt5designer5,5.15.17-4+b1,5.15.19-2,kali-rolling
libqt5gui5t64,5.15.17+dfsg-7+b1,5.15.19+dfsg-5,kali-rolling
libqt5help5,5.15.17-4+b1,5.15.19-2,kali-rolling
libqt5network5t64,5.15.17+dfsg-7+b1,5.15.19+dfsg-5,kali-rolling
libqt5opengl5t64,5.15.17+dfsg-7+b1,5.15.19+dfsg-5,kali-rolling
libqt5positioning5,5.15.17+dfsg-3+b1,5.15.19+dfsg-2,kali-rolling
libqt5printsupport5t64,5.15.17+dfsg-7+b1,5.15.19+dfsg-5,kali-rolling
libqt5qml5,5.15.17+dfsg-4,5.15.19+dfsg-2,kali-rolling
libqt5qmlmodels5,5.15.17+dfsg-4,5.15.19+dfsg-2,kali-rolling
libqt5quick5,5.15.17+dfsg-4,5.15.19+dfsg-2,kali-rolling
libqt5quickwidgets5,5.15.17+dfsg-4,5.15.19+dfsg-2,kali-rolling
libqt5sql5-sqlite,5.15.17+dfsg-7+b1,5.15.19+dfsg-5,kali-rolling
libqt5sql5t64,5.15.17+dfsg-7+b1,5.15.19+dfsg-5,kali-rolling
libqt5svg5,5.15.17-3,5.15.19-2,kali-rolling
libqt5test5t64,5.15.17+dfsg-7+b1,5.15.19+dfsg-5,kali-rolling
libqt5waylandclient5,5.15.17-4,5.15.19-2,kali-rolling
libqt5waylandcompositor5,5.15.17-4,5.15.19-2,kali-rolling
libqt5webchannel5,5.15.17-2+b1,5.15.19-3,kali-rolling
libqt5webengine-data,5.15.19+dfsg2-2,5.15.19+dfsg2-7,kali-rolling
libqt5webengine5,5.15.19+dfsg2-2+b2,5.15.19+dfsg2-7,kali-rolling
libqt5webenginecore5,5.15.19+dfsg2-2+b2,5.15.19+dfsg2-7,kali-rolling
libqt5webenginewidgets5,5.15.19+dfsg2-2+b2,5.15.19+dfsg2-7,kali-rolling
libqt5widgets5t64,5.15.17+dfsg-7+b1,5.15.19+dfsg-5,kali-rolling
libqt5xml5t64,5.15.17+dfsg-7+b1,5.15.19+dfsg-5,kali-rolling
libqt6core5compat6,6.9.2-3+b1,6.10.2-4,kali-rolling
libqt6core6t64,6.9.2+dfsg-4+b1,6.10.2+dfsg-16,kali-rolling
libqt6dbus6,6.9.2+dfsg-4+b1,6.10.2+dfsg-16,kali-rolling
libqt6gui6,6.9.2+dfsg-4+b1,6.10.2+dfsg-16,kali-rolling
libqt6multimedia6,6.9.2-5+b1,6.10.2-6,kali-rolling
libqt6network6,6.9.2+dfsg-4+b1,6.10.2+dfsg-16,kali-rolling
libqt6opengl6,6.9.2+dfsg-4+b1,6.10.2+dfsg-16,kali-rolling
libqt6openglwidgets6,6.9.2+dfsg-4+b1,6.10.2+dfsg-16,kali-rolling
libqt6printsupport6,6.9.2+dfsg-4+b1,6.10.2+dfsg-16,kali-rolling
libqt6qml6,6.9.2+dfsg-5,6.10.2+dfsg-6,kali-rolling
libqt6qmlmeta6,6.9.2+dfsg-5,6.10.2+dfsg-6,kali-rolling
libqt6qmlmodels6,6.9.2+dfsg-5,6.10.2+dfsg-6,kali-rolling
libqt6qmlworkerscript6,6.9.2+dfsg-5,6.10.2+dfsg-6,kali-rolling
libqt6quick6,6.9.2+dfsg-5,6.10.2+dfsg-6,kali-rolling
libqt6sql6-sqlite,6.9.2+dfsg-4+b1,6.10.2+dfsg-16,kali-rolling
libqt6sql6,6.9.2+dfsg-4+b1,6.10.2+dfsg-16,kali-rolling
libqt6svg6,6.9.2-5,6.10.2-9,kali-rolling
libqt6test6,6.9.2+dfsg-4+b1,6.10.2+dfsg-16,kali-rolling
libqt6waylandclient6,6.9.2-3,6.10.2+dfsg-16,kali-rolling
libqt6waylandcompositor6,6.9.2-3,6.10.2-5,kali-rolling
libqt6widgets6,6.9.2+dfsg-4+b1,6.10.2+dfsg-16,kali-rolling
libqt6wlshellintegration6,6.9.2-3,6.10.2+dfsg-16,kali-rolling
libqt6xml6,6.9.2+dfsg-4+b1,6.10.2+dfsg-16,kali-rolling
libqtermwidget6-2,2.3.0-1,2.4.0-1,kali-rolling
librabbitmq4,0.15.0-1+b1,0.18.0-1,kali-rolling
libraptor2-0,2.0.16-6+b3,2.0.16-7,kali-rolling
libraqm0,0.10.4-1,0.10.5-1,kali-rolling
librav1e0.8,0.8.1-7,0.8.1-11,kali-rolling
libraw1394-11,2.1.2-2+b3,2.1.2-2.1,kali-rolling
libre2-11,20250805-1+b2,20251105-1+b2,kali-rolling
librist4,0.2.11+dfsg-1+b1,0.2.20+dfsg-1,kali-rolling
libroc0.4,0.4.0+dfsg-5+b1,0.4.0+dfsg-6,kali-rolling
librpm-sequoia-1,1.10.1-2,1.10.3-1,kali-rolling
librpm10,6.0.1-1,6.1.0-1,kali-rolling
librpmbuild10,6.0.1-1,6.1.0-1,kali-rolling
librpmio10,6.0.1-1,6.1.0-1,kali-rolling
librpmsign10,6.0.1-1,6.1.0-1,kali-rolling
librsvg2-2,2.61.3+dfsg-3+b1,2.62.1+dfsg-1,kali-rolling
librsvg2-common,2.61.3+dfsg-3+b1,2.62.1+dfsg-1,kali-rolling
librtlsdr0,2.0.2-2+b2,2.0.3-1,kali-rolling
librtmp1,2.4+20151223.gitfa8646d.1-3+b1,2.6-1,kali-rolling
librttopo1,1.1.0-4+b1,1.1.0-4+b2,kali-rolling
libruby3.3,3.3.8-2,3.3.8-2.2,kali-rolling
libsasl2-2,2.1.28+dfsg1-10,2.1.28+dfsg1-11,kali-rolling
libsasl2-modules-db,2.1.28+dfsg1-10,2.1.28+dfsg1-11,kali-rolling
libsasl2-modules,2.1.28+dfsg1-10,2.1.28+dfsg1-11,kali-rolling
libsbc1,2.1-1+b1,2.1-1+b2,kali-rolling
libsdl2-2.0-0,2.32.10+dfsg-6,2.32.72+ds-1,kali-rolling
libsdl2-classic,2.32.10+dfsg-6,2.32.10+dfsg-8,kali-rolling
libsdl2-image-2.0-0,2.8.8+dfsg-2,2.8.12+dfsg-2,kali-rolling
libsdl2-mixer-2.0-0,2.8.1+dfsg-5,2.8.2+dfsg-1,kali-rolling
libsdl2-ttf-2.0-0,2.24.0+dfsg-3,2.24.0+dfsg-3+b1,kali-rolling
libsdl3-0,3.4.2+ds-1,3.4.16+ds-1,kali-rolling
libseccomp2,2.6.0-2+b1,2.6.1-1+b1,kali-rolling
libsecret-1-0,0.21.7-2,0.21.7-2+b1,kali-rolling
libselinux1,3.9-4+b1,3.11-2,kali-rolling
libsemanage-common,3.9-1,3.11-1,kali-rolling
libsemanage2,3.9-1+b1,3.11-1+b1,kali-rolling
libsensors5,1:3.6.2-2+b1,1:3.6.2-2+b2,kali-rolling
libsepol2,3.9-2,3.11-1,kali-rolling
libserd-0-0,0.32.8-1,0.32.10-2,kali-rolling
libserf-1-1,1.3.10-3+b2,1.3.10-4,kali-rolling
libsframe3,2.46-2,2.47-6,kali-rolling
libsharpyuv0,1.5.0-0.1+b1,1.6.0-0.1,kali-rolling
libshine3,3.1.1-3,3.1.1-4,kali-rolling
libsigc++-2.0-0v5,2.12.1-4,2.12.1-4+b1,kali-rolling
libsigc++-3.0-0,3.6.0-2+b2,3.6.0-3,kali-rolling
libslang2,2.3.3-5+b3,2.3.3-6,kali-rolling
libsm-dev,2:1.2.6-1+b1,2:1.2.6-1+b2,kali-rolling
libsm6,2:1.2.6-1+b1,2:1.2.6-1+b2,kali-rolling
libsmartcols1,2.41.3-4,2.42.3-1,kali-rolling
libsmb2-6,6.2+dfsg-3,6.2+dfsg-4,kali-rolling
libsmbclient0,2:4.23.6+dfsg-1+b1,2:4.24.6+dfsg-1,kali-rolling
libsmi2t64,0.4.8+dfsg2-18,0.4.8+dfsg2-18+b1,kali-rolling
libsnappy1v5,1.2.2-2+b1,1.2.2-2+b2,kali-rolling
libsndfile1,1.2.2-4,1.2.2-4+b1,kali-rolling
libsnmp-base,5.9.5.2+dfsg-2.1,5.9.5.2+dfsg-3,kali-rolling
libsnmp45,5.9.5.2+dfsg-2.1,5.9.5.2+dfsg-3,kali-rolling
libsocket6-perl,0.29-3+b5,0.29-3+b6,kali-rolling
libsoundtouch1,2.4.0+ds-1+b1,2.4.1+ds-1,kali-rolling
libsoxr0,0.1.3-4.1,0.1.3-4.1+b1,kali-rolling
libspa-0.2-bluetooth,1.4.10-1+b1,1.6.9-2,kali-rolling
libspa-0.2-modules,1.4.10-1+b1,1.6.9-2,kali-rolling
libspandsp2t64,0.0.6+dfsg-2.2+b1,0.0.6+dfsg-2.2+b2,kali-rolling
libspatialite8t64,5.1.0-3+b5,5.1.0-4,kali-rolling
libspeechd-module0,0.12.1-3,0.12.1-5,kali-rolling
libspeechd2,0.12.1-3,0.12.1-5,kali-rolling
libspeex1,1.2.1-3+b1,1.2.1-3+b2,kali-rolling
libspeexdsp1,1.2.1-3+b1,1.2.1-4,kali-rolling
libsqlcipher2,4.13.0-1,4.18.0-1,kali-rolling
libsqlite3-0,3.46.1-9+b1,3.53.4-2,kali-rolling
libsrt1.5-gnutls,1.5.4-3,1.5.7-1,kali-rolling
libsrtp2-1,2.7.0-3+b1,2.8.0+ds-1,kali-rolling
libss2,1.47.2-3+b8,1.47.4-1+b2,kali-rolling
libssh-4,0.11.3-1+b1,0.12.2-1,kali-rolling
libssh2-1t64,1.11.1-1+b1,1.11.1-6,kali-rolling
libssl3t64,3.5.5-1,3.6.4-1,kali-rolling
libstartup-notification0,0.12-8+b1,0.12-8+b2,kali-rolling
libstemmer0d,3.0.1-1+b1,3.1.1-1,kali-rolling
libstoken1t64,0.93-1,0.93-2,kali-rolling
libstring-crc32-perl,2.100-2+b4,2.100-2+b5,kali-rolling
libstrongswan-standard-plugins,6.0.4-1,6.1.0-2,kali-rolling
libstrongswan,6.0.4-1,6.1.0-2,kali-rolling
libsuperlu7,7.0.1+dfsg1-2+b1,7.0.1+dfsg1-2+b2,kali-rolling
libsvn1,1.14.5-6,1.14.5-6+b2,kali-rolling
libswresample6,7:8.0.1-3+b2,7:8.1.2-2+b3,kali-rolling
libswscale9,7:8.0.1-3+b2,7:8.1.2-2+b3,kali-rolling
libsybdb5,1.5.5+ds-1+b1,1.5.5+ds-1+b2,kali-rolling
libsyn123-0t64,1.33.3-2,1.33.7-1,kali-rolling
libsynctex2,2025.20250727.75242+ds-5+b2,2026.20260303.78225+ds-5,kali-rolling
libsystemd-shared,259.1-1,261.2-1,kali-rolling
libsystemd0,259.1-1,261.2-1,kali-rolling
libsz2,1.1.6-1,1.1.7-1,kali-rolling
libtag-c2,2.1.1-2,2.3.2-3,kali-rolling
libtag2,2.1.1-2,2.3.2-3,kali-rolling
libtalloc2,2:2.4.3+samba4.23.6+dfsg-1+b1,2:2.4.4+samba4.24.6+dfsg-1,kali-rolling
libtasn1-6,4.21.0-2,4.21.0-2+b1,kali-rolling
libtbb12,2022.3.0-2,2023.1.0-3,kali-rolling
libtbbbind-2-5,2022.3.0-2,2023.1.0-3,kali-rolling
libtbbmalloc2,2022.3.0-2,2023.1.0-3,kali-rolling
libtcl8.6,8.6.17+dfsg-1+b1,8.6.18+dfsg-1,kali-rolling
libtdb1,2:1.4.14+samba4.23.6+dfsg-1+b1,2:1.4.15+samba4.24.6+dfsg-1,kali-rolling
libteckit0,2.5.13+ds-1,2.5.13+ds-2,kali-rolling
libtevent0t64,2:0.17.1+samba4.23.6+dfsg-1+b1,2:0.17.1+samba4.24.6+dfsg-1,kali-rolling
libtexlua53-5,2025.20250727.75242+ds-5+b2,2026.20260303.78225+ds-5,kali-rolling
libtext-charwidth-perl,0.04-11+b5,0.04-12+b1,kali-rolling
libtext-csv-xs-perl,1.61-1,1.64-1+b2,kali-rolling
libtext-iconv-perl,1.7-8.1,1.7-9+b1,kali-rolling
libtext-wrapi18n-perl,0.06-10,0.06-11,kali-rolling
libthai-data,0.1.30-1,0.1.30-3,kali-rolling
libthai0,0.1.30-1,0.1.30-3,kali-rolling
libtheora1,1.2.0+dfsg-6+b1,1.2.0+dfsg-6+b2,kali-rolling
libtheoradec2,1.2.0+dfsg-6+b1,1.2.0+dfsg-6+b2,kali-rolling
libtheoraenc2,1.2.0+dfsg-6+b1,1.2.0+dfsg-6+b2,kali-rolling
libthunarx-3-0,4.20.7-1,4.20.10-1,kali-rolling
libtiff6,4.7.1-1,4.7.2-1,kali-rolling
libtimedate-perl,2.3400-1,2.3500-1,kali-rolling
libtinfo6,6.6+20251231-1,6.6+20260608-2,kali-rolling
libtirpc-common,1.3.6+ds-1,1.3.7+ds-1,kali-rolling
libtirpc3t64,1.3.6+ds-1,1.3.7+ds-1,kali-rolling
libtk8.6,8.6.17-1+b1,8.6.18-1,kali-rolling
libtommath1,1.3.0-1+b1,1.3.0-1+b2,kali-rolling
libtss2-esys-3.0.2-0t64,4.1.3-6,4.1.3-7,kali-rolling
libtss2-mu-4.0.1-0t64,4.1.3-6,4.1.3-7,kali-rolling
libtss2-sys1t64,4.1.3-6,4.1.3-7,kali-rolling
libtss2-tcti-cmd0t64,4.1.3-6,4.1.3-7,kali-rolling
libtss2-tcti-device0t64,4.1.3-6,4.1.3-7,kali-rolling
libtss2-tcti-libtpms0t64,4.1.3-6,4.1.3-7,kali-rolling
libtss2-tcti-mssim0t64,4.1.3-6,4.1.3-7,kali-rolling
libtss2-tcti-spi-helper0t64,4.1.3-6,4.1.3-7,kali-rolling
libtss2-tcti-swtpm0t64,4.1.3-6,4.1.3-7,kali-rolling
libtss2-tctildr0t64,4.1.3-6,4.1.3-7,kali-rolling
libtumbler-1-0t64,4.20.1-1,4.20.2-1,kali-rolling
libturbojpeg0,1:2.1.5-4,1:3.1.3-4,kali-rolling
libtwolame0,0.4.0-2+b3,0.4.0-3,kali-rolling
libubertooth1,2020.12.R1-0kali3,2020.12.R1-2,kali-rolling
libuchardet0,0.0.8-2+b1,0.0.8-2+b2,kali-rolling
libudev1,259.1-1,261.2-1,kali-rolling
libudfread3,1.2.0-2+b1,1.2.0-3,kali-rolling
libudisks2-0,2.11.1-1,2.11.2-1,kali-rolling
libunbound8,1.24.2-1,1.26.1-1,kali-rolling
libunicode-linebreak-perl,0.0.20190101-3,0.0.20190101-4+b1,kali-rolling
libunicode-map-perl,0.112-13+b5,0.112-13+b6,kali-rolling
libunistring5,1.3-2+b1,1.4.2-1,kali-rolling
libunwind8,1.8.1-0.2,1.8.1-0.4,kali-rolling
libupower-glib3,1.91.1-1,1.91.4-1,kali-rolling
liburcu8t64,0.15.6-1,0.15.7-1,kali-rolling
liburi-perl,5.34-2,5.37-1,kali-rolling
liburing2,2.14-1,2.15-1,kali-rolling
liburiparser1,0.9.8+dfsg-2+b1,1.0.1+dfsg-1,kali-rolling
libusb-1.0-0,2:1.0.29-2+b1,2:1.0.30-1,kali-rolling
libusbmuxd-2.0-7,2.1.1-1,2.1.1-1+b1,kali-rolling
libutf8proc3,2.10.0-2+b1,2.11.3-2,kali-rolling
libuuid-perl,0.37-1+b1,0.39-1,kali-rolling
libuuid1,2.41.3-4,2.42.3-1,kali-rolling
libuv1-dev,1.51.0-2+b1,1.52.1-4,kali-rolling
libuv1t64,1.51.0-2+b1,1.52.1-4,kali-rolling
libv4l-0t64,1.32.0-2,1.32.0-5,kali-rolling
libv4lconvert0t64,1.32.0-2,1.32.0-5,kali-rolling
libva-drm2,2.23.0-1,2.24.1-2,kali-rolling
libva-x11-2,2.23.0-1,2.24.1-2,kali-rolling
libva2,2.23.0-1,2.24.1-2,kali-rolling
libvdpau1,1.5-4,1.5-4+b1,kali-rolling
libvhdi1,20251119-1,20251119-2,kali-rolling
libvisual-0.4-0,0.4.2-4,0.4.2-6,kali-rolling
libvmdk1,20240510-2,20240510-2+b2,kali-rolling
libvo-aacenc0,0.1.3-3+b1,0.1.3-3+b2,kali-rolling
libvolume-key1,0.3.12-10+b1,0.3.12-10+b2,kali-rolling
libvorbis0a,1.3.7-3+b1,1.3.7-3+b2,kali-rolling
libvorbisenc2,1.3.7-3+b1,1.3.7-3+b2,kali-rolling
libvorbisfile3,1.3.7-3+b1,1.3.7-3+b2,kali-rolling
libvpx12,1.16.0-3,1.17.0-1,kali-rolling
libvslvm1t64,20240504-2,20240504-2+b2,kali-rolling
libvte-2.91-0,0.83.90-1+b1,0.84.1-1+b1,kali-rolling
libvte-2.91-common,0.83.90-1+b1,0.84.1-1+b1,kali-rolling
libvulkan1,1.4.341.0-1,1.4.357.0-1,kali-rolling
libwacom-common,2.18.0-1,2.20.0-1,kali-rolling
libwacom9,2.18.0-1,2.20.0-1,kali-rolling
libwavpack1,5.9.0-1,5.9.0-2,kali-rolling
libwayland-client0,1.24.0-2+b2,1.26.0-1,kali-rolling
libwayland-cursor0,1.24.0-2+b2,1.26.0-1,kali-rolling
libwayland-egl1,1.24.0-2+b2,1.26.0-1,kali-rolling
libwayland-server0,1.24.0-2+b2,1.26.0-1,kali-rolling
libwbclient0,2:4.23.6+dfsg-1+b1,2:4.24.6+dfsg-1,kali-rolling
libwebkit2gtk-4.1-0,2.50.5-1+b1,2.52.6-1,kali-rolling
libwebkitgtk-6.0-4,2.50.5-1+b1,2.52.6-1,kali-rolling
libwebp7,1.5.0-0.1+b1,1.6.0-0.1,kali-rolling
libwebpdemux2,1.5.0-0.1+b1,1.6.0-0.1,kali-rolling
libwebpmux3,1.5.0-0.1+b1,1.6.0-0.1,kali-rolling
libwebrtc-audio-processing-1-3,1.3-3+b2,1.3-3+b3,kali-rolling
libwebsockets19t64,4.3.5-3,4.3.5-6,kali-rolling
libwildmidi2,0.4.6-1+b1,0.4.6-1+b2,kali-rolling
libwinpr3-3,3.23.0+dfsg-1+b1,3.31.1+dfsg-1,kali-rolling
libwireplumber-0.5-0,0.5.13-1,0.5.17-1,kali-rolling
libwireshark-data,4.6.4-1,4.6.6-1,kali-rolling
libwireshark19,4.6.4-1,4.6.6-1,kali-rolling
libwiretap16,4.6.4-1,4.6.6-1,kali-rolling
libwnck-3-0,43.3-1+b1,43.3-1+b2,kali-rolling
libwoff1,1.0.2-3,1.0.2-3+b1,kali-rolling
libwrap0,7.6.q-36+b2,7.6.q-37,kali-rolling
libwsutil17,4.6.4-1,4.6.6-1,kali-rolling
libwtmpdb0,0.75.0-5,0.75.0-6,kali-rolling
libwww-mechanize-perl,2.20-1,2.22-1,kali-rolling
libwww-perl,6.81-1,6.83-1,kali-rolling
libwww-robotrules-perl,6.02-1,6.03-1,kali-rolling
libx264-165,2:0.165.3222+gitb35605ac-3+b2,2:0.165.3223+git20250910.0480cb0-1,kali-rolling
libxar1,1.8.0.498-3+b1,1.8.0.498-3+b2,kali-rolling
libxau-dev,1:1.0.11-1+b1,1:1.0.11-1+b2,kali-rolling
libxau6,1:1.0.11-1+b1,1:1.0.11-1+b2,kali-rolling
libxaw7,2:1.0.16-1+b1,2:1.0.16-1+b2,kali-rolling
libxcb-icccm4,0.4.2-1+b1,0.4.2-1+b2,kali-rolling
libxcb-keysyms1,0.4.1-1+b1,0.4.1-1+b2,kali-rolling
libxcb-render-util0,0.3.10-1+b1,0.3.10-1+b2,kali-rolling
libxcb-util1,0.4.1-1+b1,0.4.1-1+b2,kali-rolling
libxcomposite1,1:0.4.6-1+b1,1:0.4.6-1+b2,kali-rolling
libxcursor1,1:1.2.3-1+b1,1:1.2.3-1+b2,kali-rolling
libxcvt0,0.1.3-1+b1,0.1.3-1+b2,kali-rolling
libxdamage1,1:1.1.7-1,1:1.1.7-1+b1,kali-rolling
libxdmcp-dev,1:1.1.5-2,1:1.1.5-2+b1,kali-rolling
libxdmcp6,1:1.1.5-2,1:1.1.5-2+b1,kali-rolling
libxdo3,1:3.20160805.1-5.1+b1,1:3.20160805.1-5.1+b2,kali-rolling
libxdot4,14.1.2-1,14.1.2-1+b3,kali-rolling
libxfce4panel-2.0-4,4.20.6-1,4.20.8-1,kali-rolling
libxfce4ui-2-0,4.20.2-1,4.20.2-2,kali-rolling
libxfce4ui-common,4.20.2-1,4.20.2-2,kali-rolling
libxfce4ui-utils,4.20.2-1,4.20.2-2,kali-rolling
libxfce4util-bin,4.20.1-1+b1,4.20.1-2,kali-rolling
libxfce4util-common,4.20.1-1,4.20.1-2,kali-rolling
libxfce4util7,4.20.1-1+b1,4.20.1-2,kali-rolling
libxfce4windowing-0-0,4.20.5-1,4.20.7-1,kali-rolling
libxfce4windowing-common,4.20.5-1,4.20.7-1,kali-rolling
libxfconf-0-3,4.20.0-1+b1,4.20.0-2,kali-rolling
libxfont2,1:2.0.6-2,1:2.0.9-1,kali-rolling
libxi6,2:1.8.2-2,2:1.8.3-1,kali-rolling
libxklavier16,5.4-6+b1,5.4-6+b2,kali-rolling
libxm4,2.3.8-5+b1,2.3.8-5+b2,kali-rolling
libxml-libxml-perl,2.0207+dfsg+really+2.0134-7,2.0207+dfsg+really+2.0134-8+b1,kali-rolling
libxml-parser-perl,2.47-1+b4,2.47-2+b1,kali-rolling
libxml-sax-expat-perl,0.51-2,0.51-3,kali-rolling
libxml-sax-perl,1.02+dfsg-4,1.02+dfsg-5,kali-rolling
libxml2-16,2.15.1+dfsg-2+b1,2.15.4+dfsg-1,kali-rolling
libxml2-dev,2.15.1+dfsg-2+b1,2.15.4+dfsg-1,kali-rolling
libxml2-utils,2.15.1+dfsg-2+b1,2.15.4+dfsg-1,kali-rolling
libxmlb2,0.3.24-2,0.3.29-1,kali-rolling
libxmp4,4.7.0-1,4.7.3-1,kali-rolling
libxmu6,2:1.1.3-4,2:1.1.3-4+b1,kali-rolling
libxmuu1,2:1.1.3-4,2:1.1.3-4+b1,kali-rolling
libxpm4,1:3.5.17-1+b4,1:3.5.19-1,kali-rolling
libxrender1,1:0.9.12-1+b1,1:0.9.12-1+b2,kali-rolling
libxres1,2:1.2.1-1+b3,2:1.2.1-2,kali-rolling
libxshmfence1,1.3.3-1+b1,1.3.3-1+b2,kali-rolling
libxslt1.1,1.1.43-0.3,1.1.45-0.1,kali-rolling
libxt-dev,1:1.2.1-1.3+b1,1:1.2.1-1.3+b2,kali-rolling
libxt6t64,1:1.2.1-1.3+b1,1:1.2.1-1.3+b2,kali-rolling
libxtables12,1.8.11-4,1.8.13-1,kali-rolling
libxtst6,2:1.2.5-1+b1,2:1.2.5-1+b2,kali-rolling
libxv1,2:1.0.13-1,2:1.0.13-1+b1,kali-rolling
libxvidcore4,2:1.3.7-3+b1,2:1.3.7-3+b2,kali-rolling
libxxf86vm1,1:1.1.4-2,1:1.1.4-2+b1,kali-rolling
libxxhash-dev,0.8.3-2+b1,0.8.3-2+b2,kali-rolling
libxxhash0,0.8.3-2+b1,0.8.3-2+b2,kali-rolling
libyajl2,2.1.0-5.1,2.1.0-7,kali-rolling
libyara10,4.5.5-1,4.5.8-1,kali-rolling
libyelp-1-0,49.0-5,49.2-1,kali-rolling
libyuv0,0.0.1922.20260106-1,0.0.1971.20260904-2,kali-rolling
libz3-4,4.13.3-1+b1,4.13.3-1.1,kali-rolling
libz3-dev,4.13.3-1+b1,4.13.3-1.1,kali-rolling
libzbar0t64,0.23.93-9+b1,0.23.93-10,kali-rolling
libzimg2,3.0.6+ds1-1+b1,3.0.6+ds1-2,kali-rolling
libzip-dev,1.11.4-2,1.11.4-2+b1,kali-rolling
libzip5,1.11.4-2,1.11.4-2+b1,kali-rolling
libzix-0-0,0.8.0-1,0.8.2-1,kali-rolling
libzmq5,4.3.5-1+b4,4.3.5-1+b8,kali-rolling
libzstd1,1.5.7+dfsg-3+b1,1.5.7+dfsg-4,kali-rolling
libzvbi-common,0.2.44-1,0.2.45-1,kali-rolling
libzvbi0t64,0.2.44-1+b1,0.2.45-1,kali-rolling
libzzip-0-13t64,0.13.78+dfsg.1-0.2,0.13.78+dfsg.1-0.2+b1,kali-rolling
lightdm,1.32.0-7,1.33.1-3,kali-rolling
linux-base,4.15,4.17,kali-rolling
linux-sysctl-defaults,4.15,4.17,kali-rolling
llvm-21-dev,1:21.1.8-3+b1,1:21.1.8-10,kali-rolling
llvm-21-linker-tools,1:21.1.8-3+b1,1:21.1.8-10,kali-rolling
llvm-21-runtime,1:21.1.8-3+b1,1:21.1.8-10,kali-rolling
llvm-21-tools,1:21.1.8-3+b1,1:21.1.8-10,kali-rolling
llvm-21,1:21.1.8-3+b1,1:21.1.8-10,kali-rolling
lm-sensors,1:3.6.2-2+b1,1:3.6.2-2+b2,kali-rolling
lmodern,2.005-1,2.005-2,kali-rolling
login.defs,1:4.18.0-2,1:4.19.3-2,kali-rolling
login,1:4.16.0-2+really2.41.3-4,1:4.16.0-2+really2.42.3-1,kali-rolling
logsave,1.47.2-3+b8,1.47.4-1+b2,kali-rolling
lrzsz,0.12.21rc-0.3+b1,0.12.21rc-5,kali-rolling
manpages-dev,6.17-1,6.19-3,kali-rolling
manpages,6.17-1,6.19-3,kali-rolling
mariadb-client-core,1:11.8.6-2,1:11.8.9+ds-2,kali-rolling
mariadb-client,1:11.8.6-2,1:11.8.9+ds-2,kali-rolling
mariadb-common,1:11.8.6-2,1:11.8.9+ds-2,kali-rolling
mariadb-plugin-provider-bzip2,1:11.8.6-2,1:11.8.9+ds-2,kali-rolling
mariadb-plugin-provider-lz4,1:11.8.6-2,1:11.8.9+ds-2,kali-rolling
mariadb-plugin-provider-lzma,1:11.8.6-2,1:11.8.9+ds-2,kali-rolling
mariadb-plugin-provider-lzo,1:11.8.6-2,1:11.8.9+ds-2,kali-rolling
mariadb-plugin-provider-snappy,1:11.8.6-2,1:11.8.9+ds-2,kali-rolling
mariadb-server-compat,1:11.8.6-2,1:11.8.9+ds-2,kali-rolling
mariadb-server-core,1:11.8.6-2,1:11.8.9+ds-2,kali-rolling
mariadb-server,1:11.8.6-2,1:11.8.9+ds-2,kali-rolling
mesa-libgallium,26.0.0-1,26.1.6-1,kali-rolling
mesa-vulkan-drivers,26.0.0-1,26.1.6-1,kali-rolling
metasploit-framework,6.4.116-0kali2,6.5.3-0kali1,kali-rolling
mingw-w64-common,13.0.0-2,14.0.0-1,kali-rolling
mingw-w64-i686-dev,13.0.0-2,14.0.0-1,kali-rolling
mingw-w64-x86-64-dev,13.0.0-2,14.0.0-1,kali-rolling
minicom,2.10-1+b1,2.11.1-2,kali-rolling
mitmproxy,12.2.1-0kali1,12.2.3-0kali5,kali-rolling
mkdocs-get-deps,0.2.0-2,0.2.0-3,kali-rolling
mkdocs,1.6.1+dfsg1-2,1.6.1+dfsg1-5,kali-rolling
modemmanager,1.24.2-2,1.24.2-2+b1,kali-rolling
mosquitto,2.0.22-5+b1,2.1.2-3,kali-rolling
mount,2.41.3-4,2.42.3-1,kali-rolling
mousepad,0.6.5-1,0.7.0-1,kali-rolling
mpg123,1.33.3-2,1.33.7-1,kali-rolling
mtd-utils,1:2.3.0-1+b1,1:2.3.1-3,kali-rolling
mupdf-tools,1.27.0+ds1-3,1.28.2+ds1-2,kali-rolling
nano,8.7.1-1,9.2-1,kali-rolling
ncompress,5.0-4+b1,5.0-5,kali-rolling
ncurses-base,6.6+20251231-1,6.6+20260608-2,kali-rolling
ncurses-bin,6.6+20251231-1,6.6+20260608-2,kali-rolling
ncurses-term,6.6+20251231-1,6.6+20260608-2,kali-rolling
ndiff,7.98+dfsg-1kali1,7.99+dfsg-1kali1,kali-rolling
netbase,6.5,6.6,kali-rolling
netpbm,2:11.13.03-1,2:11.13.03+ds-2,kali-rolling
netsniff-ng,0.6.9-2+b1,0.6.9-2+b2,kali-rolling
network-manager-applet,1.36.0-4+b1,1.36.0-5,kali-rolling
network-manager-l10n,1.54.3-2,1.58.1-1,kali-rolling
network-manager-l2tp-gnome,1.52.0-2,1.52.6-1,kali-rolling
network-manager-l2tp,1.52.0-2,1.52.6-1,kali-rolling
network-manager-openvpn-gnome,1.12.5-1,1.12.5-2,kali-rolling
network-manager-openvpn,1.12.5-1,1.12.5-2,kali-rolling
network-manager-pptp-gnome,1.2.12-6,1.2.12-7,kali-rolling
network-manager-pptp,1.2.12-6,1.2.12-7,kali-rolling
network-manager-vpnc-gnome,1.4.0-3+b1,1.4.0-4,kali-rolling
network-manager-vpnc,1.4.0-3+b1,1.4.0-4,kali-rolling
network-manager,1.54.3-2,1.58.1-1,kali-rolling
nfs-common,1:2.8.5-1,1:2.9.2-1,kali-rolling
nftables,1.1.6-1,1.1.7-1,kali-rolling
nginx-common,1.28.2-2,1.30.4-7,kali-rolling
nginx,1.28.2-2,1.30.4-7,kali-rolling
ngrep,1.47+ds1-7+b2,1.49.0+ds-1,kali-rolling
nikto,1:2.6.0-0kali3,1:2.6.1-0kali1,kali-rolling
nm-connection-editor,1.36.0-4+b1,1.36.0-5,kali-rolling
nmap-common,7.98+dfsg-1kali1,7.99+dfsg-1kali1,kali-rolling
nmap,7.98+dfsg-1kali1,7.99+dfsg-1kali1,kali-rolling
node-popper2,2.11.2-9,2.11.2-11,kali-rolling
notus-scanner,22.7.2-1,22.7.2-3,kali-rolling
nsis-common,3.11-1,3.12-1,kali-rolling
nsis,3.11-1+b1,3.12-1,kali-rolling
ntfs-3g,1:2022.10.3-5+b1,1:2026.7.7-2,kali-rolling
ocl-icd-libopencl1,2.3.4-1,2.3.4-1+b1,kali-rolling
offsec-awae-python2,2025.4.0,2026.3.0,kali-rolling
onboard-common,1.4.3+git20260213+ds-2,1.4.4.5-1,kali-rolling
onboard-data,1.4.3+git20260213+ds-2,1.4.4.5-1,kali-rolling
onboard,1.4.3+git20260213+ds-2,1.4.4.5-1,kali-rolling
openconnect,9.12-3.3,9.21-5,kali-rolling
openjdk-21-jre-headless,21.0.10+7-1,21.0.12.1+1-1,kali-rolling
openjdk-21-jre,21.0.10+7-1,21.0.12.1+1-1,kali-rolling
opensc-pkcs11,0.27.0~rc1-1,0.27.1-2,kali-rolling
opensc,0.27.0~rc1-1,0.27.1-2,kali-rolling
openssh-client-gssapi,1:10.2p1-5,1:10.5p1-1,kali-rolling
openssh-client,1:10.2p1-5,1:10.5p1-1,kali-rolling
openssh-server,1:10.2p1-5,1:10.5p1-1,kali-rolling
openssh-sftp-server,1:10.2p1-5,1:10.5p1-1,kali-rolling
openssl-provider-legacy,3.5.5-1,3.6.4-1,kali-rolling
openssl,3.5.5-1,3.6.4-1,kali-rolling
openvas-scanner,23.38.1-1,23.45.1-1,kali-rolling
openvpn,2.7.0-1,2.7.7-1,kali-rolling
orca,49.5-1,51.0-4,kali-rolling
os-prober,1.84+b1,1.85,kali-rolling
ospd-openvas,22.10.0-1,22.10.5-1,kali-rolling
p11-kit-modules,0.26.2-2,0.26.5-1,kali-rolling
p11-kit,0.26.2-2,0.26.5-1,kali-rolling
parole,4.20.0-1+b1,4.20.0-1+b2,kali-rolling
parted,3.6-6+b1,3.7-1,kali-rolling
passwd,1:4.18.0-2,1:4.19.3-2,kali-rolling
patator,1.0-5,1.1.0-1,kali-rolling
pci.ids,0.0~2026.02.21-1,0.0~2026.07.21-1,kali-rolling
pciutils,1:3.14.0-1+b2,1:3.15.0-2,kali-rolling
pcscd,2.4.1-1,2.5.1-1,kali-rolling
peass,20260226.edc9582a-0kali1,20260905.ffbc2342-0kali1,kali-rolling
perl-base,5.40.1-7,5.42.3-1,kali-rolling
perl-tk,1:804.036+dfsg1-6,1:804.036+git20260828+dfsg-1,kali-rolling
perl,5.40.1-7,5.42.3-1,kali-rolling
pgcli,4.4.0-1,4.7.1-1,kali-rolling
php8.4-cli,8.4.16-1+b2,8.4.24-1,kali-rolling
php8.4-common,8.4.16-1+b2,8.4.24-1,kali-rolling
php8.4-mysql,8.4.16-1+b2,8.4.24-1,kali-rolling
php8.4-opcache,8.4.16-1+b2,8.4.24-1,kali-rolling
php8.4-readline,8.4.16-1+b2,8.4.24-1,kali-rolling
php8.4,8.4.16-1,8.4.24-1,kali-rolling
pinentry-curses,1.3.2-4,1.3.3-3,kali-rolling
pinentry-gnome3,1.3.2-4,1.3.3-3,kali-rolling
pipewire-bin,1.4.10-1+b1,1.6.9-2,kali-rolling
pipewire-pulse,1.4.10-1+b1,1.6.9-2,kali-rolling
pipewire,1.4.10-1+b1,1.6.9-2,kali-rolling
pipx,1.8.0-1,1.15.0-1,kali-rolling
pkexec,127+really126-0+kali1,127+really127-3kali1,kali-rolling
plocate,1.1.24-1,1.1.25-1,kali-rolling
plymouth-label,24.004.60-5.1,26.134.222-1,kali-rolling
plymouth,24.004.60-5.1,26.134.222-1,kali-rolling
pocl-opencl-icd,6.0-7+b1,7.1-9,kali-rolling
polkitd,127+really126-0+kali1,127+really127-3kali1,kali-rolling
postgresql-18-jit,18.3-1+b1,18.6-3,kali-rolling
postgresql-18-pg-gvm,22.6.12-1,22.6.15-1,kali-rolling
postgresql-18,18.3-1+b1,18.6-3,kali-rolling
postgresql-client-18,18.3-1+b1,18.6-3,kali-rolling
postgresql-client-common,286,293,kali-rolling
postgresql-common-dev,286,293,kali-rolling
postgresql-common,286,293,kali-rolling
postgresql,18+286,18+293,kali-rolling
powermgmt-base,1.38,1.39,kali-rolling
powershell-empire,6.4.1-0kali1,6.6.0-0kali1,kali-rolling
ppp,2.5.2-1+1.2,2.5.2-1+2,kali-rolling
procps,2:4.0.4-9+b1,2:4.0.7-1,kali-rolling
proj-bin,9.7.1-1+b1,9.8.1-1,kali-rolling
proj-data,9.7.1-1,9.8.1-1,kali-rolling
proxychains4,4.17-3+b1,4.17-4,kali-rolling
proxytunnel,1.12.3-1+b1,1.13.0-2,kali-rolling
publicsuffix,20260129.1928-1,20260725.1419-1,kali-rolling
pv,1.10.3-1,1.12.0-1,kali-rolling
pyinstaller-hooks-contrib,2025.11-1,2026.7-1,kali-rolling
pyinstaller,6.18.0+ds-3,6.22.2+ds-2,kali-rolling
pyqt6-dev-tools,6.10.2-2,6.11.0-3,kali-rolling
python-babel-localedata,2.17.0-2,2.18.0+git2026-08-12-2,kali-rolling
python-is-python3,3.13.3-1,3.14.7-1,kali-rolling
python-matplotlib-data,3.10.7+dfsg1-2,3.10.9+dfsg1-1,kali-rolling
python-tables-data,3.10.2-3,3.11.1-3,kali-rolling
python-tinycss2-common,1.5.1-1,1.5.1-5,kali-rolling
python3-aardwolf,0.2.8-0kali3+b1,0.2.8-0kali3+b2,kali-rolling
python3-aioconsole,0.8.2-1,0.8.2-2,kali-rolling
python3-aiohappyeyeballs,2.6.1-2,2.7.1-1,kali-rolling
python3-aiohttp-socks,0.10.1-1,0.11.0-1,kali-rolling
python3-aiohttp,3.13.3-3,3.14.3-1,kali-rolling
python3-aiomultiprocess,0.9.0-0kali2,0.9.1-0kali1,kali-rolling
python3-aioquic,1.2.0-1+b1,1.3.0-2,kali-rolling
python3-ajpy,0.0.5-2,0.0.5-3,kali-rolling
python3-alembic,1.16.4-4,1.18.4-2,kali-rolling
python3-annotated-types,0.7.0-1,0.8.0-1,kali-rolling
python3-anyio,4.12.1-1,4.12.1-3,kali-rolling
python3-apispec-webframeworks,0.5.2-0kali3,0.5.2-0kali4,kali-rolling
python3-apispec,6.9.0-1,6.10.0-1,kali-rolling
python3-apt,3.1.0,3.1.0+b1,kali-rolling
python3-argcomplete,3.6.3-1,3.7.0-1,kali-rolling
python3-argon2-cffi-bindings,25.1.0-2+b1,26.1.0-1,kali-rolling
python3-argon2,25.1.0-2,25.1.0-4,kali-rolling
python3-arrow,1.3.0-1.1,1.4.0-3,kali-rolling
python3-asgiref,3.11.0-1,3.12.1-1,kali-rolling
python3-astroid,4.0.2-1,4.3.1-3,kali-rolling
python3-asttokens,3.0.1-2,3.0.1-3,kali-rolling
python3-async-timeout,5.0.1-2,5.0.1-4,kali-rolling
python3-attr,25.4.0-1,26.1.0-1,kali-rolling
python3-babel,2.17.0-2,2.18.0+git2026-08-12-2,kali-rolling
python3-bcrypt,5.0.0-3,5.0.0-6+b1,kali-rolling
python3-bidict,0.23.1-2,0.24.1-1,kali-rolling
python3-binwalk,2.4.3+dfsg1-2,2.4.3+dfsg1-3,kali-rolling
python3-bitstruct,8.22.0-1,8.23.0-1,kali-rolling
python3-bottle,0.13.2-1.1,0.13.4-0.1,kali-rolling
python3-bottleneck,1.4.2+ds1-2+b2,1.4.2+ds1-2+b3,kali-rolling
python3-brlapi,6.9-3,6.9.1+repack-2,kali-rolling
python3-brotli,1.2.0-3,1.2.0-4+b1,kali-rolling
python3-browser-cookie3,0.20.1-3,0.20.1-4,kali-rolling
python3-bs4,4.14.3-2,4.15.0-1,kali-rolling
python3-cairo,1.27.0-2+b1,1.29.1-1,kali-rolling
python3-capstone,5.0.7-2,5.0.9-1,kali-rolling
python3-cbor,1.0.0-1.3,1.0.0-1.3+b1,kali-rolling
python3-celery,5.6.2-3,5.6.3-3,kali-rolling
python3-censys,2.2.19-1,2.3.0-2,kali-rolling
python3-certifi,2026.2.25+ds-1,2026.7.22+ds-1,kali-rolling
python3-cffi-backend,2.0.0-3,2.1.1-1+b1,kali-rolling
python3-cffi,2.0.0-3,2.1.1-1,kali-rolling
python3-charset-normalizer,3.4.4-2,3.4.7-2+b1,kali-rolling
python3-cheroot,11.1.2+ds1-1,11.1.2+ds1-2,kali-rolling
python3-cherrypy-cors,1.6-0kali3,1.7.0-0kali1,kali-rolling
python3-cherrypy3,18.10.0-2,18.10.0-3,kali-rolling
python3-cli-helpers,2.10.1-1,2.15.1-2,kali-rolling
python3-click-repl,0.3.0-1,0.3.0-2,kali-rolling
python3-click,8.2.0+0.really.8.1.8-1,8.3.3-2,kali-rolling
python3-cmd2,2.5.11+ds-2,4.2.0+ds-1,kali-rolling
python3-colorama,0.4.6-4,0.4.6-5,kali-rolling
python3-contourpy,1.3.3-1+b1,1.3.3-2+b1,kali-rolling
python3-cryptography,46.0.5-1,49.0.0-2,kali-rolling
python3-cssselect2,0.9.0-1,0.9.0-3,kali-rolling
python3-cssselect,1.4.0-1,1.5.0-1,kali-rolling
python3-cups,2.0.4-3+b1,2.0.4-3+b2,kali-rolling
python3-cupshelpers,1.5.18-4,1.5.18-6,kali-rolling
python3-cvss,3.2-0kali1,3.6-1,kali-rolling
python3-cycler,0.12.1-2,0.12.1-3,kali-rolling
python3-dateutil,2.9.0-4,2.9.0-5,kali-rolling
python3-dbus,1.4.0-1+b1,1.4.0-1+b2,kali-rolling
python3-decorator,5.2.1-2,5.3.1-1,kali-rolling
python3-deprecated,1.3.1-1,1.3.1-2,kali-rolling
python3-dev,3.13.9-3,3.14.7-3,kali-rolling
python3-distlib,0.4.0-1,0.4.3-1,kali-rolling
python3-distro,1.9.0-1,1.9.0-2,kali-rolling
python3-django,3:4.2.29-1,3:5.2.17-1,kali-rolling
python3-dnspython,2.7.0-1,2.8.0-6,kali-rolling
python3-docx,1.2.0+dfsg-2,1.2.0+dfsg-4,kali-rolling
python3-dotenv,1.0.1-1,1.2.1-2,kali-rolling
python3-dropbox,12.0.2-2,12.2.1-1,kali-rolling
python3-dunamai,1.25.0-1,1.26.1-1,kali-rolling
python3-ecdsa,0.19.1-1,0.19.2-1,kali-rolling
python3-elastic-transport,9.2.1-1,9.4.2-1,kali-rolling
python3-elasticsearch,9.3.0-1,9.5.1-1,kali-rolling
python3-email-validator,2.2.0-1,2.3.0-1,kali-rolling
python3-ephem,4.2-1+b1,4.2.1-1+b1,kali-rolling
python3-faraday-plugins,1.27.2-0kali1,1.30.0-0kali1,kali-rolling
python3-fastapi,0.118.0-1,0.141.1-1,kali-rolling
python3-filelock,3.24.3-1,3.32.2-1,kali-rolling
python3-filteralchemy,0.1.0+git20190401-0kali2,0.1.0+git20190401-0kali3,kali-rolling
python3-flask-classful,0.15.0~b1+git20211224.521173d-0kali1,0.16.0-0kali1,kali-rolling
python3-flask-kvsession,0.6.4-0kali1,0.6.4-0kali2,kali-rolling
python3-flask-socketio,5.6.0-1,5.6.1-0.1,kali-rolling
python3-flask,3.1.2-1,3.1.3-4,kali-rolling
python3-flaskext.wtf,1.2.2-1,1.3.0-1,kali-rolling
python3-fonttools,4.61.1-4,4.62.1-7+b1,kali-rolling
python3-frozenlist,1.8.0-2,1.8.0-3+b1,kali-rolling
python3-gdal,3.12.2+dfsg-1,3.13.3+dfsg-1+b1,kali-rolling
python3-gevent-websocket,0.10.1-5,0.10.1-6,kali-rolling
python3-gevent,24.11.1-1+b2,25.9.1-2+b1,kali-rolling
python3-gi-cairo,3.54.5-7+b1,3.57.1-1+b1,kali-rolling
python3-gi,3.54.5-7+b1,3.57.1-1+b1,kali-rolling
python3-git,3.1.46-1,3.1.61-1,kali-rolling
python3-gnupg,0.5.4-1,0.5.6-1,kali-rolling
python3-greenlet,3.2.4-3,3.3.2-4+b1,kali-rolling
python3-gssapi,1.11.1-1,1.11.1-2,kali-rolling
python3-gvm,26.9.1-1,26.11.0-1,kali-rolling
python3-h11,0.14.0-1.1,0.16.0-2,kali-rolling
python3-h2,4.3.0-1,4.3.0-2,kali-rolling
python3-hamcrest,2.1.0-3,2.1.0-4,kali-rolling
python3-hpack,4.0.0-3,4.0.0-4,kali-rolling
python3-html5lib,1.2-3,1.2-5,kali-rolling
python3-httpcore,1.0.9-1,1.0.9-1.1,kali-rolling
python3-httpx,0.28.1-1,0.28.1-1.1,kali-rolling
python3-humanize,4.12.1-1,4.16.0-1,kali-rolling
python3-hyperframe,6.1.0-1,6.1.0-2,kali-rolling
python3-hyperlink,21.0.0-6,21.0.0-7,kali-rolling
python3-idna,3.11-1,3.19-1,kali-rolling
python3-inflect,7.5.0-1,7.5.0-2,kali-rolling
python3-invoke,2.2.1+ds-3,3.0.3+ds-1,kali-rolling
python3-ipy,1:1.01-5,1:1.01-6,kali-rolling
python3-ipython,8.35.0-2,9.11.0-2,kali-rolling
python3-isoduration,20.11.0+git20211126.ae0bd61-2,20.11.0+git20211126.ae0bd61-3,kali-rolling
python3-itsdangerous,2.2.0-2,2.2.0-4,kali-rolling
python3-jedi,0.19.1+ds1-1,0.20.0+ds1-1,kali-rolling
python3-jeepney,0.9.0-2,0.9.0-3,kali-rolling
python3-jinja2,3.1.6-1,3.1.6-3,kali-rolling
python3-joblib,1.5.2-1,1.5.3-2,kali-rolling
python3-jq,1.11.0-1,1.12.0-1+b1,kali-rolling
python3-jsonschema-specifications,2023.12.1-4,2023.12.1-6,kali-rolling
python3-jsonschema,4.26.0-1,4.26.0-2,kali-rolling
python3-jwcrypto,1.5.6-1,1.5.6-1.2,kali-rolling
python3-jwt,2.11.0-2,2.13.0-1,kali-rolling
python3-kiwisolver,1.4.10~rc0-1+b1,1.5.1-1,kali-rolling
python3-kombu,5.6.2-1,5.6.2-2,kali-rolling
python3-ldb,2:2.11.0+samba4.23.6+dfsg-1+b1,2:2.11.0+samba4.24.6+dfsg-1,kali-rolling
python3-legacy-cgi,2.6.4-2,2.6.4-3,kali-rolling
python3-legacycrypt,0.3-4,0.3-5,kali-rolling
python3-linkify-it,2.1.0-1,2.1.0-2,kali-rolling
python3-livereload,2.7.1-0.1,2.7.1-0.2,kali-rolling
python3-loguru,0.7.3-4,0.7.3-5,kali-rolling
python3-louis,3.37.0-1,3.39.0-1,kali-rolling
python3-lsassy,3.1.11-0kali1,3.1.11-0kali2,kali-rolling
python3-lunr,0.8.0-1,0.8.0-2,kali-rolling
python3-lxml,6.0.2-1+b3,6.1.3-1,kali-rolling
python3-lz4,4.4.5+dfsg-1,4.4.5+dfsg-1+b1,kali-rolling
python3-magic,2:0.4.27-3,2:0.4.27-6,kali-rolling
python3-markdown-it,3.0.0-3,4.2.0-3,kali-rolling
python3-markdown2,2.5.4-3,2.5.4-4,kali-rolling
python3-markdown,3.10.2-1,3.10.3-1,kali-rolling
python3-markupsafe,3.0.3-1+b1,3.0.3-2+b1,kali-rolling
python3-marshmallow-sqlalchemy,1.4.2-1,1.5.0-1,kali-rolling
python3-marshmallow,3.26.1-0.4,3.26.2-0.1,kali-rolling
python3-matplotlib,3.10.7+dfsg1-2,3.10.9+dfsg1-1+b1,kali-rolling
python3-mechanize,1:0.4.10+ds-7,1:0.4.10+ds1-2,kali-rolling
python3-minimal,3.13.9-3,3.14.7-3,kali-rolling
python3-mitmproxy-linux,0.12.3-0kali1,0.12.11-0kali1,kali-rolling
python3-mitmproxy-rs,0.12.3-0kali1,0.12.11-0kali1,kali-rolling
python3-more-itertools,10.8.0-1,11.1.0-2,kali-rolling
python3-mpmath,1.3.0-2,1.4.1-4,kali-rolling
python3-msgpack,1.1.2-1,1.2.1-1,kali-rolling
python3-multidict,6.4.3-1+b1,6.4.3-2+b1,kali-rolling
python3-mysqldb,1.4.6-2+b7,1.4.6-2+b8,kali-rolling
python3-nacl,1.5.0-8,1.6.2-3,kali-rolling
python3-nassl,5.3.1-0kali1,5.4.0-0kali3,kali-rolling
python3-neo4j,5.2.1-0kali1,5.2.1-0kali2,kali-rolling
python3-neotime,1.7.4-0kali1,1.7.4-0kali2,kali-rolling
python3-netaddr,1.3.0-1,1.3.0-2,kali-rolling
python3-netifaces,0.11.0-2+b7,0.11.0-2+b8,kali-rolling
python3-networkx,3.4.2-4,3.4.2-6,kali-rolling
python3-newt,0.52.25-2,0.52.25-2+b1,kali-rolling
python3-nltk,3.9.2-1,3.10.3-1,kali-rolling
python3-numexpr,2.14.1-1+b1,2.14.2-1+b1,kali-rolling
python3-numpy-dev,1:2.3.5+ds-3,1:2.4.6+ds-4+b1,kali-rolling
python3-numpy,1:2.3.5+ds-3,1:2.4.6+ds-4+b1,kali-rolling
python3-openpyxl,3.1.5+dfsg-3,3.1.5+dfsg-4,kali-rolling
python3-openssl,25.3.0-1,26.4.0-1,kali-rolling
python3-packaging,25.0-2,26.2-2,kali-rolling
python3-pandas-lib,2.3.3+dfsg-3,2.3.3+dfsg-3+b1,kali-rolling
python3-paramiko,4.0.0-2,5.0.0-1,kali-rolling
python3-parso,0.8.6-1,0.8.7-1,kali-rolling
python3-passlib,1.9.3-1,1.9.3-3,kali-rolling
python3-paste,3.10.1-2,3.10.1-4,kali-rolling
python3-pastedeploy-tpl,3.1-2,3.1-3,kali-rolling
python3-pastedeploy,3.1-2,3.1-3,kali-rolling
python3-pastescript,3.7.0-1,3.7.0-2,kali-rolling
python3-pathspec,0.12.1-1,1.1.1-2,kali-rolling
python3-pcapy,0.11.5-5+b2,0.11.5-5+b3,kali-rolling
python3-pexpect,4.9-4,4.9-5,kali-rolling
python3-pil.imagetk,12.0.0-1+b1,12.3.0-1+b1,kali-rolling
python3-pil,12.0.0-1+b1,12.3.0-1+b1,kali-rolling
python3-pip-whl,26.0.1+dfsg-1,26.1.2+dfsg-1,kali-rolling
python3-pip,26.0.1+dfsg-1,26.1.2+dfsg-1,kali-rolling
python3-plaster-pastedeploy,0.5-7,1.0.1-1,kali-rolling
python3-platformdirs,4.5.1-1,4.10.0-1,kali-rolling
python3-ply,3.11-10,3.11-12,kali-rolling
python3-poetry-core,2.2.1-2,2.3.1-3,kali-rolling
python3-poetry-dynamic-versioning,1.9.1-1,1.10.0-1,kali-rolling
python3-pooch,1.9.0-1,1.9.0-2,kali-rolling
python3-prettytable,3.16.0-1,3.17.0-1,kali-rolling
python3-prompt-toolkit,3.0.52-2,3.0.53-2,kali-rolling
python3-propcache,0.3.1-1+b1,0.5.2-2+b1,kali-rolling
python3-psycopg-c,3.3.2-1,3.3.5-1,kali-rolling
python3-psycopg2,2.9.11-1+b1,2.9.13-1,kali-rolling
python3-psycopg,3.3.2-1,3.3.5-1,kali-rolling
python3-pure-eval,0.2.3-1,0.2.3-2,kali-rolling
python3-pyasn1,0.6.2-1,0.6.4-1,kali-rolling
python3-pycriu,4.2-4,4.2.1-1,kali-rolling
python3-pycurl,7.45.7-3+b1,7.47.0-2,kali-rolling
python3-pydantic-core,2.41.5-2+b1,2.46.5-2,kali-rolling
python3-pydantic-settings,2.13.0-1,2.15.0-1,kali-rolling
python3-pydantic,2.12.5-2,2.13.5-1,kali-rolling
python3-pydispatch,2.0.7-1,2.0.7-2,kali-rolling
python3-pyee,13.0.0-2,13.0.0-3,kali-rolling
python3-pyexploitdb,0.3.13-0kali1,0.3.45-0kali2,kali-rolling
python3-pygame,2.6.1-4,2.6.1-5+b1,kali-rolling
python3-pygments,2.19.2+dfsg-1,2.20.0+dfsg-2,kali-rolling
python3-pygraphviz,1.14-5,1.14-5+b1,kali-rolling
python3-pyinstaller,6.18.0+ds-3,6.22.2+ds-2,kali-rolling
python3-pymssql,2.3.10-2,2.3.10-2+b1,kali-rolling
python3-pymysql,1.1.1-2,1.1.2-3,kali-rolling
python3-pyparsing,3.1.3-1,3.3.2-2,kali-rolling
python3-pypdf,5.4.0-1,6.9.2-2,kali-rolling
python3-pyphen,0.16.0-1,0.16.0-2,kali-rolling
python3-pyqrcode,1.2.1-4,1.2.1-4.1,kali-rolling
python3-pyqt5.qtopengl,5.15.11+dfsg-3,5.15.11+dfsg-6,kali-rolling
python3-pyqt5.sip,12.17.2-1,12.19.0-1+b1,kali-rolling
python3-pyqt5,5.15.11+dfsg-3,5.15.11+dfsg-6,kali-rolling
python3-pyqt6.sip,13.11.0-1,13.12.0-1+b1,kali-rolling
python3-pyqt6,6.10.2-2,6.11.0-3,kali-rolling
python3-pyramid,2.0.2+dfsg-1,2.0.2+dfsg-2,kali-rolling
python3-pysnmp4,7.1.22-1,7.1.22-3,kali-rolling
python3-pysnmp,7.1.22-1,7.1.22-3,kali-rolling
python3-pyspnego,0.10.2-3~kali1,0.10.2-4,kali-rolling
python3-pytest,9.0.2-2,9.1.1-1,kali-rolling
python3-python-multipart,0.0.20-1.1,0.0.26-1,kali-rolling
python3-python-socks,2.7.2-1,2.8.1-2,kali-rolling
python3-pytz,2025.2-5,2025.2-7,kali-rolling
python3-pyyaml-env-tag,1.1-1,1.1-2,kali-rolling
python3-pyzipper,0.3.6-5,0.4.0-1,kali-rolling
python3-qasync,0.28.0-2,0.28.0-3,kali-rolling
python3-redis,6.4.0-1,6.4.0-3,kali-rolling
python3-referencing,0.36.2-2,0.37.0+~2025.1.1-3,kali-rolling
python3-regex,0.1.20250918-1+b1,0.1.20250918-1+b2,kali-rolling
python3-repoze.lru,0.7-3,0.8-1,kali-rolling
python3-requests,2.32.5+dfsg-1,2.34.2-1,kali-rolling
python3-rich,13.9.4-1.2,15.0.0-2,kali-rolling
python3-routes,2.5.1-7,2.5.1-8,kali-rolling
python3-rpds-py,0.28.0-1,0.30.0-2+b1,kali-rolling
python3-rq,2.6.1-1,2.12-1,kali-rolling
python3-ruamel.yaml.clib,0.2.15+ds-1,0.2.15+ds2-2+b1,kali-rolling
python3-ruamel.yaml,0.18.10+ds-1,0.18.14-4,kali-rolling
python3-samba,2:4.23.6+dfsg-1+b1,2:4.24.6+dfsg-1,kali-rolling
python3-scipy,1.16.3-4,1.17.1-5+b1,kali-rolling
python3-secure,0.3.0-0kali1,1.0.1-0kali1,kali-rolling
python3-serial-asyncio,0.6-4,0.6-5,kali-rolling
python3-service-identity,24.2.0-1,26.1.0-2,kali-rolling
python3-setproctitle,1.3.7-2,1.3.7-3+b1,kali-rolling
python3-setuptools-whl,78.1.1-0.1,84.0.0-2,kali-rolling
python3-setuptools,78.1.1-0.1,84.0.0-2,kali-rolling
python3-sh,2.2.1-1,2.4.0-1,kali-rolling
python3-shtab,1.7.2-1,1.12.1-1,kali-rolling
python3-simplejson,3.20.2-1,4.1.2-1,kali-rolling
python3-six,1.17.0-2,1.17.0-3,kali-rolling
python3-slowapi,0.1.4-0kali1,0.1.10-1,kali-rolling
python3-smbc,1.0.25.1-1+b6,1.0.25.1-1+b7,kali-rolling
python3-snappy,0.5.3-1.3,0.5.3-1.3+b1,kali-rolling
python3-sniffio,1.3.1-1,1.3.1-2,kali-rolling
python3-socks,1.7.1+dfsg-1,1.7.1+dfsg-2,kali-rolling
python3-sortedcontainers,2.4.0-2,2.4.0-3,kali-rolling
python3-soupsieve,2.8.3-1,2.8.4-1,kali-rolling
python3-speechd,0.12.1-3,0.12.1-5,kali-rolling
python3-sqlalchemy-ext,2.0.45+ds1-1,2.0.52+ds1-1,kali-rolling
python3-sqlalchemy-schemadisplay,1.3-0kali3,2.0-0kali1,kali-rolling
python3-sqlalchemy,2.0.45+ds1-1,2.0.52+ds1-1,kali-rolling
python3-sqlparse,0.5.5-1,0.5.5-2,kali-rolling
python3-stack-data,0.6.3-3,0.6.3-4,kali-rolling
python3-starlette,0.50.0-1,1.6.0-1,kali-rolling
python3-stix2,3.0.1-0kali1,3.0.1-0kali2,kali-rolling
python3-stone,3.3.9-1,3.5.3-1,kali-rolling
python3-sympy,1.14.0-2,1.14.0-4,kali-rolling
python3-tables-lib,3.10.2-3+b2,3.11.1-3,kali-rolling
python3-tables,3.10.2-3,3.11.1-3,kali-rolling
python3-tabulate,0.9.0-1,0.10.0-1,kali-rolling
python3-talloc,2:2.4.3+samba4.23.6+dfsg-1+b1,2:2.4.4+samba4.24.6+dfsg-1,kali-rolling
python3-tdb,2:1.4.14+samba4.23.6+dfsg-1+b1,2:1.4.15+samba4.24.6+dfsg-1,kali-rolling
python3-termcolor,2.4.0-2,2.4.0-3,kali-rolling
python3-terminaltables3,4.0.0-7,4.0.0-9,kali-rolling
python3-tinycss2,1.5.1-1,1.5.1-5,kali-rolling
python3-tk,3.13.9-3,3.14.7-3,kali-rolling
python3-tldextract,5.1.2-2,5.3.1-2,kali-rolling
python3-tomlkit,0.13.3-2,0.13.3-3,kali-rolling
python3-tornado,6.5.4-0.1,6.5.5-5,kali-rolling
python3-tqdm,4.67.3-1,4.70.1-1,kali-rolling
python3-traitlets,5.14.3+really5.14.3-3,5.16.1-1,kali-rolling
python3-trie,0.4.0+ds-1,0.4.0+ds-2,kali-rolling
python3-twisted,25.5.0-5,26.4.0-4,kali-rolling
python3-txaio,25.6.1-4,25.9.2-2,kali-rolling
python3-typeguard,4.4.4-2,4.4.4-3,kali-rolling
python3-typeshed,0.0~git20260204.516eed0-1,0.0~git20260204.516eed0-2,kali-rolling
python3-typing-extensions,4.15.0-2,4.16.0-5,kali-rolling
python3-typing-inspection,0.4.2-1,0.4.4-1,kali-rolling
python3-tz,2025.2-5,2025.2-7,kali-rolling
python3-tzlocal,5.3.1-2,5.4.4-1,kali-rolling
python3-u-msgpack,2.8.0-5,2.8.0-6,kali-rolling
python3-ubjson,0.16.1-5,0.16.1-6+b1,kali-rolling
python3-ufolib2,0.18.1+dfsg1-1,0.18.1+dfsg1-2,kali-rolling
python3-ujson,5.11.0-3+b1,5.13.0-1+b1,kali-rolling
python3-unicodedata2,16.0.0+ds-1+b1,17.0.1+ds-1+b1,kali-rolling
python3-unicrypto,0.0.10-2.1,0.0.12-1,kali-rolling
python3-unidecode,1.4.0-1,1.4.0-2,kali-rolling
python3-uritemplate,4.2.0-3,4.2.0-4,kali-rolling
python3-urllib3,2.6.3-1,2.7.0-3,kali-rolling
python3-uvloop,0.22.1+ds1-2,0.22.1+ds1-4,kali-rolling
python3-validators,0.20.0-2,0.28.3-2,kali-rolling
python3-venv,3.13.9-3,3.14.7-3,kali-rolling
python3-vine,5.1.0+dfsg-1,5.1.0+dfsg-2,kali-rolling
python3-virtualenv,20.38.0+ds-1,21.5.1+ds-1,kali-rolling
python3-watchdog,6.0.0-4,6.0.0-5,kali-rolling
python3-wcwidth,0.2.14+dfsg1-1,0.8.3+dfsg1-1,kali-rolling
python3-webargs,8.7.1-1,8.7.1-2,kali-rolling
python3-webcolors,1.13-2,25.10.0-4,kali-rolling
python3-webencodings,0.5.1-5,0.5.1-6,kali-rolling
python3-webob,1:1.8.9-1,1:1.8.11-1,kali-rolling
python3-websocket,1.8.0-2,1.9.0-4,kali-rolling
python3-websockets,15.0.1-1+b1,17.1-1,kali-rolling
python3-websockify,0.13.0+dfsg1-2,0.13.0+dfsg1-2+b1,kali-rolling
python3-werkzeug,3.1.5-1,3.1.8-1,kali-rolling
python3-wheel,0.46.3-2,0.47.0-1,kali-rolling
python3-wrapt,1.17.3-3,2.3.0-1,kali-rolling
python3-wsaccel,0.6.3-6,0.6.3-6+b1,kali-rolling
python3-wsproto,1.3.2-1,1.3.2-3,kali-rolling
python3-wtforms,3.2.1-1,3.2.1-2,kali-rolling
python3-xdg,0.28-3,0.28-4,kali-rolling
python3-xmltodict,0.13.0-1,1.0.3-1.2,kali-rolling
python3-yaml,6.0.3-1,6.0.3-1+b1,kali-rolling
python3-yara,4.5.4-1+b1,4.5.4-1+b2,kali-rolling
python3-yarl,1.22.0-1+b1,1.24.5-1,kali-rolling
python3-zc.lockfile,4.0-2,4.0-3,kali-rolling
python3-zipp,3.23.0-1,3.23.0-2,kali-rolling
python3-zope.event,6.0-2,6.2-1,kali-rolling
python3-zope.interface,8.2-1,8.6-1+b1,kali-rolling
python3-zopfli,0.4.1-1,0.4.3-2,kali-rolling
python3-zstandard,0.25.0-1+b1,0.25.0-1+b2,kali-rolling
python3.13-dev,3.13.12-1,3.13.15-1,kali-rolling
python3.13-minimal,3.13.12-1,3.13.15-1,kali-rolling
python3.13-tk,3.13.12-1,3.13.15-1,kali-rolling
python3.13-venv,3.13.12-1,3.13.15-1,kali-rolling
python3.13,3.13.12-1,3.13.15-1,kali-rolling
python3.14-tk,3.14.3-1,3.14.7-4,kali-rolling
python3,3.13.9-3,3.14.7-3,kali-rolling
qt5-gtk-platformtheme,5.15.17+dfsg-7+b1,5.15.19+dfsg-5,kali-rolling
qt5ct,1.9-1+b2,1.9-2+b1,kali-rolling
qt6-base-dev-tools,6.9.2+dfsg-4+b1,6.10.2+dfsg-16,kali-rolling
qt6-gtk-platformtheme,6.9.2+dfsg-4+b1,6.10.2+dfsg-16,kali-rolling
qt6-qpa-plugins,6.9.2+dfsg-4+b1,6.10.2+dfsg-16,kali-rolling
qt6-svg-plugins,6.9.2-5,6.10.2-9,kali-rolling
qt6-translations-l10n,6.9.2-3,6.10.2-3,kali-rolling
qt6-wayland,6.9.2-3,6.10.2-5,kali-rolling
qt6ct,0.11-2,0.11-2+b1,kali-rolling
qterminal-l10n,2.3.0-1,2.4.0-1,kali-rolling
qterminal,2.3.0-1,2.4.0-1,kali-rolling
qtermwidget-data,2.3.0-1,2.4.0-1,kali-rolling
qttranslations5-l10n,5.15.17-2,5.15.19-2,kali-rolling
qtwayland5,5.15.17-4,5.15.19-2,kali-rolling
rake,13.3.1-1,13.4.2-1,kali-rolling
recordmydesktop,0.4.0-1+b4,0.4.0-2,kali-rolling
redis-server,5:8.0.5-1+b1,5:8.0.6-2,kali-rolling
redis-tools,5:8.0.5-1+b1,5:8.0.6-2,kali-rolling
responder,3.2.2.0-0kali1,3.2.2.0-0kali2,kali-rolling
rfkill,2.41.3-4,2.42.3-1,kali-rolling
ristretto,0.13.4-1,0.14.0-1,kali-rolling
rpcsvc-proto,1.4.3-1+b2,1.4.4-1,kali-rolling
rpm-common,6.0.1-1,6.1.0-1,kali-rolling
rpm2cpio,6.0.1-1,6.1.0-1,kali-rolling
rpm,6.0.1-1,6.1.0-1,kali-rolling
rsync,3.4.1+ds1-7+b1,3.5.0+ds1-2,kali-rolling
ruby-activesupport,2:7.2.2.2+dfsg-2,2:7.2.3.2+dfsg-3,kali-rolling
ruby-addressable,2.8.9-1,2.9.0-1,kali-rolling
ruby-bundler,2.6.7-2,4.0.20-1,kali-rolling
ruby-cms-scanner,0.15.0-0kali2,0.15.0-0kali4,kali-rolling
ruby-concurrent,1.3.5-1,1.3.8-1,kali-rolling
ruby-connection-pool,3.0.2-1,3.0.2-2,kali-rolling
ruby-csv,3.3.5-1,3.3.6-1,kali-rolling
ruby-ffi,1.17.3+dfsg-1,1.17.4+dfsg-1,kali-rolling
ruby-http-cookie,1.1.0-1,1.1.6-1,kali-rolling
ruby-i18n,1.14.8-1,1.15.2-1,kali-rolling
ruby-ipaddress,0.8.3-5,0.8.3-6,kali-rolling
ruby-json,2.18.1+dfsg-1,2.21.2+dfsg-1,kali-rolling
ruby-levenshtein,0.2.2-3+b7,0.2.2-4,kali-rolling
ruby-little-plugger,1.1.4-2,1.1.4-3,kali-rolling
ruby-mime-types-data,3.2026.0224-1,3.2026.0701-1,kali-rolling
ruby-mime,0.4.4-2,0.4.4-3,kali-rolling
ruby-mini-exiftool,2.9.0-2,2.14.0-1,kali-rolling
ruby-mini-portile2,2.8.9-1,2.8.9-2,kali-rolling
ruby-minitest,5.26.1-1,6.0.6-2,kali-rolling
ruby-net-http-digest-auth,1.4.1-1,1.4.1-2,kali-rolling
ruby-nokogiri,1.18.10+dfsg-3,1.19.4+dfsg-1,kali-rolling
ruby-nori,2.7.1-1,2.9.1-1,kali-rolling
ruby-ntlm,0.6.5-1,0.6.7-1,kali-rolling
ruby-oj,3.16.15-1,3.17.6-1,kali-rolling
ruby-opt-parse-validator,1.10.1-0kali1,1.10.1-0kali2,kali-rolling
ruby-public-suffix,6.0.2-1.1,7.0.5-1,kali-rolling
ruby-rchardet,1.10.0-1,1.10.2-1,kali-rolling
ruby-rubygems,3.6.7-2,4.0.20-1,kali-rolling
ruby-spider,0.5.0-6,0.8.0-2,kali-rolling
ruby-sqlite3,1.7.3-2+b1,2.9.6-2,kali-rolling
ruby-typhoeus,1.5.0-2,1.6.0-1,kali-rolling
ruby-tzinfo,2.0.6-1,2.0.6-2,kali-rolling
ruby-webrick,1.9.2-1,1.9.2-2,kali-rolling
ruby-yajl,1.4.3-1+b7,1.4.3-2,kali-rolling
ruby-zip,3.2.2+dfsg-1,3.5.0+dfsg-1,kali-rolling
ruby3.3-dev,3.3.8-2,3.3.8-2.2,kali-rolling
ruby3.3-doc,3.3.8-2,3.3.8-2.2,kali-rolling
ruby3.3,3.3.8-2,3.3.8-2.2,kali-rolling
rubygems-integration,1.19,1.20.1,kali-rolling
runc,1.3.5+ds1-1,1.3.6+ds1-1,kali-rolling
runit-helper,2.16.5,2.16.7,kali-rolling
samba-common-bin,2:4.23.6+dfsg-1+b1,2:4.24.6+dfsg-1,kali-rolling
samba-common,2:4.23.6+dfsg-1,2:4.24.6+dfsg-1,kali-rolling
samba-libs,2:4.23.6+dfsg-1+b1,2:4.24.6+dfsg-1,kali-rolling
samba,2:4.23.6+dfsg-1+b1,2:4.24.6+dfsg-1,kali-rolling
sane-airscan,0.99.36-2+b2,0.99.37-2,kali-rolling
screen,4.9.1-3.1,5.0.2-1,kali-rolling
sed,4.9-2+b2,4.9-3,kali-rolling
sendemail,1.56-5.2,1.56-5.3,kali-rolling
set,8.0.3+git20241021-0kali1,8.1.3+git20260604-0kali1,kali-rolling
smbclient,2:4.23.6+dfsg-1+b1,2:4.24.6+dfsg-1,kali-rolling
snmp,5.9.5.2+dfsg-2.1,5.9.5.2+dfsg-3,kali-rolling
snmpd,5.9.5.2+dfsg-2.1,5.9.5.2+dfsg-3,kali-rolling
socat,1.8.1.1-1,1.8.1.3-2,kali-rolling
speech-dispatcher-audio-plugins,0.12.1-3,0.12.1-5,kali-rolling
speech-dispatcher-espeak-ng,0.12.1-3,0.12.1-5,kali-rolling
speech-dispatcher,0.12.1-3,0.12.1-5,kali-rolling
sphinx-rtd-theme-common,3.1.0+dfsg-1,3.1.0+dfsg-2,kali-rolling
spiderfoot,4.0-0kali4,4.0-0kali5,kali-rolling
sqlite3,3.46.1-9+b1,3.53.4-2,kali-rolling
sqlmap,1.10.2-1,1.10.9-1,kali-rolling
squashfs-tools,1:4.7.4-1+b1,1:4.7.5-1,kali-rolling
sqv,1.3.0-5,1.5.0-1,kali-rolling
ssl-cert,1.1.3,1.2.0,kali-rolling
ssldump,1.9-1+b2,1.9-2,kali-rolling
sslh,2.1.4-1+b2,2.3.1-1+b1,kali-rolling
sslsplit,0.5.5-2.1+b4,0.5.5-3,kali-rolling
sslyze,6.3.0-0kali1,6.3.1-0kali4,kali-rolling
starkiller,3.3.0+ds-0kali1,3.5.0+ds-0kali1,kali-rolling
strongswan-charon,6.0.4-1,6.1.0-2,kali-rolling
strongswan-libcharon,6.0.4-1,6.1.0-2,kali-rolling
strongswan-starter,6.0.4-1,6.1.0-2,kali-rolling
stunnel4,3:5.77-1,3:5.82-1,kali-rolling
subversion,1.14.5-6,1.14.5-6+b2,kali-rolling
sudo,1.9.17p2-4,1.9.17p2-8,kali-rolling
system-config-printer-common,1.5.18-4,1.5.18-6,kali-rolling
system-config-printer-udev,1.5.18-4+b1,1.5.18-6,kali-rolling
system-config-printer,1.5.18-4,1.5.18-6,kali-rolling
systemd-sysv,259.1-1,261.2-1,kali-rolling
systemd-timesyncd,259.1-1,261.2-1,kali-rolling
systemd-userdbd,259.1-1,261.2-1,kali-rolling
systemd,259.1-1,261.2-1,kali-rolling
sysvinit-utils,3.15-6+b1,3.18-1,kali-rolling
tar,1.35+dfsg-4,1.35+dfsg-6,kali-rolling
tasksel-data,3.86+kali1,3.90+kali1,kali-rolling
tasksel,3.86+kali1,3.90+kali1,kali-rolling
tcl-expect,5.45.4-4+b1,5.45.4-9,kali-rolling
tcl8.6,8.6.17+dfsg-1+b1,8.6.18+dfsg-1,kali-rolling
tcl,8.6.16,8.6.18,kali-rolling
tcpreplay,4.5.2-1+b1,4.5.4-1,kali-rolling
tdb-tools,2:1.4.14+samba4.23.6+dfsg-1+b1,2:1.4.15+samba4.24.6+dfsg-1,kali-rolling
testdisk,7.2-0.1+b1,7.2-2,kali-rolling
tex-gyre,20180621-7,20180621-8,kali-rolling
texlive-base,2025.20260124-1,2026.20260911-1,kali-rolling
texlive-binaries,2025.20250727.75242+ds-5+b2,2026.20260303.78225+ds-5,kali-rolling
texlive-fonts-recommended,2025.20260124-1,2026.20260911-1,kali-rolling
texlive-latex-base,2025.20260124-1,2026.20260911-1,kali-rolling
texlive-latex-extra,2025.20260124-1,2026.20260911-1,kali-rolling
texlive-latex-recommended,2025.20260124-1,2026.20260911-1,kali-rolling
texlive-pictures,2025.20260124-1,2026.20260911-1,kali-rolling
texlive-plain-generic,2025.20260124-1,2026.20260911-1,kali-rolling
tftp-hpa,5.3+20251209-2,5.4-2,kali-rolling
theharvester,4.10.1-0kali2,4.11.1-0kali2,kali-rolling
thunar-archive-plugin,0.5.3-1+b1,0.5.3-1+b2,kali-rolling
thunar-data,4.20.7-1,4.20.10-1,kali-rolling
thunar,4.20.7-1,4.20.10-1,kali-rolling
tightvncpasswd,1:1.3.10-10+b1,1:1.3.10-11,kali-rolling
tightvncserver,1:1.3.10-10+b1,1:1.3.10-11,kali-rolling
tini-static,0.19.0-6+b2,0.19.0-6+b3,kali-rolling
tk8.6,8.6.17-1+b1,8.6.18-1,kali-rolling
tk,8.6.16,8.6.18,kali-rolling
tmux,3.6a-2+b1,3.7c-1,kali-rolling
tnftp,20260211-1,20260211-2,kali-rolling
toilet-fonts,0.3-5,0.3-6,kali-rolling
tpm-udev,4.1.3-6,4.1.3-7,kali-rolling
tree,2.3.1-1,2.3.2-1,kali-rolling
tshark,4.6.4-1,4.6.6-1,kali-rolling
tumbler-common,4.20.1-1,4.20.2-1,kali-rolling
tumbler,4.20.1-1,4.20.2-1,kali-rolling
tzdata-legacy,2025c-3,2026c-1,kali-rolling
tzdata,2025c-3,2026c-1,kali-rolling
ucf,3.0052,3.0056,kali-rolling
udev,259.1-1,261.2-1,kali-rolling
udisks2,2.11.1-1,2.11.2-1,kali-rolling
udptunnel,1.1-12+b1,1.1-12+b2,kali-rolling
unicode-data,16.0.0-1,17.0.0-2,kali-rolling
unix-privesc-check,1.4-0kali1,1.6+git20170904.00e0d54-0kali1,kali-rolling
unixodbc-common,2.3.14-1,2.3.14-2,kali-rolling
unrar,1:7.2.4-1,1:7.3.1-1,kali-rolling
unzip,6.0-29+b1,6.0-31,kali-rolling
upower,1.91.1-1,1.91.4-1,kali-rolling
upx-ucl,4.2.4-1.1+b1,4.2.4-2,kali-rolling
urlscan,1.0.8-0.1,1.1.2-1,kali-rolling
usb-modeswitch-data,20191128-7,20251207-1,kali-rolling
usb-modeswitch,2.6.2-1+b1,2.6.2-2+b1,kali-rolling
usb.ids,2025.12.13-1,2026.06.26-1,kali-rolling
user-session-migration,0.5.1,0.5.2,kali-rolling
util-linux-extra,2.41.3-4,2.42.3-1,kali-rolling
util-linux,2.41.3-4,2.42.3-1,kali-rolling
uuid-dev,2.41.3-4,2.42.3-1,kali-rolling
vboot-kernel-utils,0~R106-15054.B+dfsg-0.1+b1,0~R106-15054.B+dfsg-0.3,kali-rolling
vboot-utils,0~R106-15054.B+dfsg-0.1+b1,0~R106-15054.B+dfsg-0.3,kali-rolling
vim-common,2:9.1.2141-1,2:9.2.0858-1,kali-rolling
vim-runtime,2:9.1.2141-1,2:9.2.0858-1,kali-rolling
vim-tiny,2:9.1.2141-1,2:9.2.0858-1,kali-rolling
vim,2:9.1.2141-1,2:9.2.0858-1,kali-rolling
vpnc,0.5.3+git20241220-2+b1,0.5.3+git20260629-2,kali-rolling
wafw00f,2.3.2-1,2.4.2-1,kali-rolling
wapiti,3.2.10+dfsg-2,3.2.10+dfsg-4,kali-rolling
weasyprint,62.3-1,69.0-2,kali-rolling
wfuzz,3.1.0-6,3.1.1-1,kali-rolling
wget,1.25.0-2+b1,1.25.0-3,kali-rolling
whatweb,0.6.3-1kali1,0.6.4-1,kali-rolling
whiptail,0.52.25-2,0.52.25-2+b1,kali-rolling
wifite,2.8.2-1,2.8.2-2,kali-rolling
wireless-regdb,2026.02.04-1,2026.09.03-1,kali-rolling
wireless-tools,30~pre9-20,30~pre9-23,kali-rolling
wireplumber,0.5.13-1,0.5.17-1,kali-rolling
wireshark-common,4.6.4-1,4.6.6-1,kali-rolling
wireshark,4.6.4-1,4.6.6-1,kali-rolling
wordlists,2026.1.2,2026.2.0,kali-rolling
wpasupplicant,2:2.10-25+b1,2:2.10-25+b2,kali-rolling
wpscan,3.8.28-0kali1,4.1.0-0kali1,kali-rolling
xar,1.8.0.498-3+b1,1.8.0.498-3+b2,kali-rolling
xbrlapi,6.9-3,6.9.1+repack-2,kali-rolling
xcvt,0.1.3-1+b1,0.1.3-1+b2,kali-rolling
xdg-dbus-proxy,0.1.6-2+b1,0.1.9-1,kali-rolling
xdg-desktop-portal,1.20.3+ds-2,1.22.1+ds-1,kali-rolling
xdg-user-dirs,0.19-1+b1,0.20-1,kali-rolling
xdotool,1:3.20160805.1-5.1+b1,1:3.20160805.1-5.1+b2,kali-rolling
xfce4-cpufreq-plugin,1.2.8-2+b4,1.3.0-1,kali-rolling
xfce4-eyes-plugin,4.7.0-1,4.7.0-1+b1,kali-rolling
xfce4-genmon-plugin,4.3.0-1+b1,4.3.0-1+b2,kali-rolling
xfce4-helpers,4.20.3-1,4.20.5-1,kali-rolling
xfce4-netload-plugin,1.5.0-1,1.5.0-1+b1,kali-rolling
xfce4-panel,4.20.6-1,4.20.8-1,kali-rolling
xfce4-power-manager-data,4.20.0-1,4.20.1-1,kali-rolling
xfce4-power-manager-plugins,4.20.0-1+b1,4.20.1-1,kali-rolling
xfce4-power-manager,4.20.0-1+b1,4.20.1-1,kali-rolling
xfce4-pulseaudio-plugin,0.5.1-1,0.5.1-1+b1,kali-rolling
xfce4-sensors-plugin,1.4.4-1+b3,1.5.0-1,kali-rolling
xfce4-session,4.20.3-1+b1,4.20.4-1,kali-rolling
xfce4-settings,4.20.3-1,4.20.5-1,kali-rolling
xfce4-timer-plugin,1.7.3-1+b1,1.7.3-1+b2,kali-rolling
xfce4-xkb-plugin,1:0.8.5-1+b1,1:0.8.5-1+b2,kali-rolling
xfconf,4.20.0-1+b1,4.20.0-2,kali-rolling
xfdesktop4-data,4.20.1-1,4.20.2-2,kali-rolling
xfdesktop4,4.20.1-1+b1,4.20.2-2,kali-rolling
xkb-data,2.46-2,2.48-1,kali-rolling
xml-core,0.19,0.21,kali-rolling
xorg-sgml-doctools,1:1.11-1.1,1:1.12.1-1,kali-rolling
xserver-common,2:21.1.21-1,2:21.1.24-1,kali-rolling
xserver-xephyr,2:21.1.21-1,2:21.1.24-1,kali-rolling
xserver-xorg-core,2:21.1.21-1,2:21.1.24-1,kali-rolling
xserver-xorg-legacy,2:21.1.21-1,2:21.1.24-1,kali-rolling
xsltproc,1.1.43-0.3,1.1.45-0.1,kali-rolling
xtightvncviewer,1:1.3.10-10+b1,1:1.3.10-11,kali-rolling
xvfb,2:21.1.21-1,2:21.1.24-1,kali-rolling
xxd,2:9.1.2141-1,2:9.2.0858-1,kali-rolling
xz-utils,5.8.2-2,5.8.4-1,kali-rolling
yelp-xsl,49.0-2,49.0-3,kali-rolling
yelp,49.0-5,49.2-1,kali-rolling
zenmap,7.98+dfsg-1kali1,7.99+dfsg-1kali1,kali-rolling
zip,3.0-15+b1,3.0-16,kali-rolling
zipcmp,1.11.4-2,1.11.4-2+b1,kali-rolling
zipmerge,1.11.4-2,1.11.4-2+b1,kali-rolling
ziptool,1.11.4-2,1.11.4-2+b1,kali-rolling
zlib1g-dev,1:1.3.dfsg+really1.3.1-3,1:1.3.dfsg+really1.3.2-3,kali-rolling
zlib1g,1:1.3.dfsg+really1.3.1-3,1:1.3.dfsg+really1.3.2-3,kali-rolling
zsh-common,5.9-8,5.9.2-1,kali-rolling
zsh,5.9-8+b22,5.9.2-1+b1,kali-rolling
zstd,1.5.7+dfsg-3+b1,1.5.7+dfsg-4,kali-rolling
